-- USERS
INSERT INTO USERS (ID, NICKNAME, USERNAME, PHRASE, AVATAR_URL, EMAIL, PASSWORD, PLAN_TYPE, CREATED_AT) VALUES
(1, 'LectorArgento', 'martin_reader2024', 'Los libros son ventanas al alma', 'https://i.imgur.com/aB2cD3e.jpg', 'martin.gonzalez@gmail.com', 'Password123$', 1, '2024-01-15 10:30:00'),
(2, 'BookMania_MX', 'sofia_libros', 'Cada página es una nueva aventura', 'https://i.imgur.com/xY9zA1b.jpg', 'sofia.martinez@hotmail.com', 'Password123$', 2, '2024-02-03 14:22:00'),
(3, 'LimaCuentos', 'carlos_lima_reads', 'Leo, luego existo', 'https://i.imgur.com/mN8oP2q.jpg', 'carlos.rodriguez@yahoo.com', 'Password123$', 1, '2024-01-28 16:45:00'),
(4, 'CanadianReader', 'emily_toronto', 'Books are my escape from reality', 'https://i.imgur.com/pQ3rS4t.jpg', 'emily.smith@gmail.com', 'Password123$', 2, '2024-03-12 09:15:00'),
(5, 'BrasilLiterario', 'ana_saopaulo', 'Lendo o mundo uma página de cada vez', 'https://i.imgur.com/uV5wX6y.jpg', 'ana.silva@outlook.com', 'Password123$', 1, '2024-02-20 11:33:00'),
(6, 'ChileBookworm', 'diego_santiago', 'Los libros no mienten jamás', 'https://i.imgur.com/zA7bC8d.jpg', 'diego.morales@gmail.com', 'Password123$', 2, '2024-03-05 13:50:00'),
(7, 'USAMystery', 'jennifer_nyc', 'Mystery novels are my addiction', 'https://i.imgur.com/eF9gH0i.jpg', 'jennifer.johnson@yahoo.com', 'Password123$', 1, '2024-01-10 18:20:00'),
(8, 'ColombiaLee', 'andres_bogota', 'La lectura es libertad', 'https://i.imgur.com/jK1lM2n.jpg', 'andres.lopez@gmail.com', 'Password123$', 2, '2024-04-18 12:05:00'),
(9, 'VenezuelaBooks', 'maria_caracas', 'Cada libro es un universo nuevo', 'https://i.imgur.com/oP3qR4s.jpg', 'maria.fernandez@hotmail.com', 'Password123$', 1, '2024-02-14 15:40:00'),
(10, 'EcuadorLector', 'luis_quito', 'Leyendo desde los Andes', 'https://i.imgur.com/tU5vW6x.jpg', 'luis.herrera@yahoo.com', 'Password123$', 2, '2024-03-22 08:25:00'),
(11, 'BookLoverUY', 'patricia_montevideo', 'Uruguay lee con pasión', 'https://i.imgur.com/yZ7aB8c.jpg', 'patricia.gutierrez@gmail.com', 'Password123$', 1, '2024-01-30 17:10:00'),
(12, 'ParaguayReads', 'ricardo_asuncion', 'Guaraní y castellano en mis libros', 'https://i.imgur.com/dE9fG0h.jpg', 'ricardo.benitez@outlook.com', 'Password123$', 2, '2024-04-08 14:35:00'),
(13, 'BoliviaLiteraria', 'carmen_lapaz', 'Desde el altiplano con amor por los libros', 'https://i.imgur.com/iJ1kL2m.jpg', 'carmen.quispe@gmail.com', '$Password123$', 1, '2024-02-25 11:55:00'),
(14, 'CubaLibros', 'rafael_habana', 'La isla que lee', 'https://i.imgur.com/nO3pQ4r.jpg', 'rafael.castro@yahoo.com', 'Password123$', 2, '2024-03-15 16:18:00'),
(15, 'CostaRicaLee', 'gabriela_sanjose', 'Pura vida y pura lectura', 'https://i.imgur.com/sT5uV6w.jpg', 'gabriela.moreno@hotmail.com', 'Password123$', 1, '2024-01-22 09:42:00'),
(16, 'PanamaBooks', 'manuel_panama', 'Entre dos océanos, mil historias', 'https://i.imgur.com/xY7zA8b.jpg', 'manuel.rodriguez@gmail.com', 'Password123$', 2, '2024-04-12 13:08:00'),
(17, 'GuatemalaLector', 'isabella_guatemala', 'Tierra de la eterna primavera literaria', 'https://i.imgur.com/cD9eF0g.jpg', 'isabella.perez@outlook.com', 'Password123$', 1, '2024-02-08 15:23:00'),
(18, 'HondurasReads', 'jorge_tegucigalpa', 'Honduras también lee', 'https://i.imgur.com/hI1jK2l.jpg', 'jorge.martinez@yahoo.com', 'Password123$', 2, '2024-03-28 10:47:00'),
(19, 'SalvadorLibros', 'monica_sansalvador', 'El Salvador de los libros', 'https://i.imgur.com/mN3oP4q.jpg', 'monica.garcia@gmail.com', 'Password123$', 1, '2024-01-18 18:12:00'),
(20, 'NicaraguaLee', 'fernando_managua', 'Nicaragua en cada página', 'https://i.imgur.com/rS5tU6v.jpg', 'fernando.lopez@hotmail.com', 'Password123$', 2, '2024-04-05 12:30:00'),
(21, 'DominicanaBooks', 'rosa_santodomingo', 'República de lectores', 'https://i.imgur.com/wX7yZ8a.jpg', 'rosa.jimenez@outlook.com', 'Password123$', 1, '2024-02-12 14:55:00'),
(22, 'HaitiLit', 'pierre_portauprince', 'Haïti lit en français et créole', 'https://i.imgur.com/bC9dE0f.jpg', 'pierre.jean@gmail.com', 'Password123$', 2, '2024-03-18 11:20:00'),
(23, 'JamaicaReads', 'susan_kingston', 'Reading inna di sunshine', 'https://i.imgur.com/gH1iJ2k.jpg', 'susan.brown@yahoo.com', 'Password123$', 1, '2024-01-25 16:40:00'),
(24, 'BeliceBooks', 'carlos_belize', 'Small country, big readers', 'https://i.imgur.com/lM3nO4p.jpg', 'carlos.mendez@gmail.com', 'Password123$', 2, '2024-04-22 09:08:00'),
(25, 'TriniReads', 'natasha_portofspain', 'Trinidad reading with rhythm', 'https://i.imgur.com/qR5sT6u.jpg', 'natasha.williams@hotmail.com', 'Password123$', 1, '2024-02-28 13:25:00'),
(26, 'BarbadosBooks', 'michael_bridgetown', 'Bajan book lover', 'https://i.imgur.com/vW7xY8z.jpg', 'michael.clarke@outlook.com', 'Password123$', 2, '2024-03-08 15:50:00'),
(27, 'LectorMontreal', 'marie_montreal', 'Je lis donc je suis', 'https://i.imgur.com/aB9cD0e.jpg', 'marie.tremblay@gmail.com', 'Password123$', 1, '2024-01-12 10:15:00'),
(28, 'VancouverReader', 'david_vancouver', 'Reading by the Pacific', 'https://i.imgur.com/fG1hI2j.jpg', 'david.chen@yahoo.com', 'Password123$', 2, '2024-04-15 17:30:00'),
(29, 'CaliforniaBooks', 'jessica_losangeles', 'West Coast reading vibes', 'https://i.imgur.com/kL3mN4o.jpg', 'jessica.davis@gmail.com', 'Password123$', 1, '2024-02-05 12:48:00'),
(30, 'TexasReader', 'robert_houston', 'Everything is bigger in Texas, including my library', 'https://i.imgur.com/pQ5rS6t.jpg', 'robert.wilson@hotmail.com', 'Password123$', 2, '2024-03-25 14:12:00'),
(31, 'FloridaBooks', 'amanda_miami', 'Sunshine State reader', 'https://i.imgur.com/uV7wX8y.jpg', 'amanda.martinez@outlook.com', 'Password123$', 1, '2024-01-08 16:35:00'),
(32, 'ChicagoReads', 'anthony_chicago', 'Windy City bookworm', 'https://i.imgur.com/zA9bC0d.jpg', 'anthony.johnson@gmail.com', 'Password123$', 2, '2024-04-28 11:58:00'),
(33, 'SeattleBooks', 'michelle_seattle', 'Reading in the rain', 'https://i.imgur.com/eF1gH2i.jpg', 'michelle.anderson@yahoo.com', 'Password123$', 1, '2024-02-18 13:22:00'),
(34, 'BostonReader', 'william_boston', 'Harvard of readers', 'https://i.imgur.com/jK5lM6n.jpg', 'william.taylor@gmail.com', 'Password123$', 2, '2024-03-12 15:45:00'),
(35, 'AtlantaBooks', 'stephanie_atlanta', 'Southern belle with a book', 'https://i.imgur.com/oP7qR8s.jpg', 'stephanie.brown@hotmail.com', 'Password123$', 1, '2024-01-28 09:18:00'),
(36, 'DenverReads', 'christopher_denver', 'Mile high reading', 'https://i.imgur.com/tU9vW0x.jpg', 'christopher.davis@outlook.com', 'Password123$', 2, '2024-04-08 18:42:00'),
(37, 'PhoenixBooks', 'lisa_phoenix', 'Desert reading oasis', 'https://i.imgur.com/yZ1aB2c.jpg', 'lisa.wilson@gmail.com', 'Password123$', 1, '2024-02-22 14:08:00'),
(38, 'PortlandReader', 'kevin_portland', 'Keep Portland reading', 'https://i.imgur.com/dE3fG4h.jpg', 'kevin.miller@yahoo.com', 'Password123$', 2, '2024-03-15 16:25:00'),
(39, 'VegasBooks', 'nicole_lasvegas', 'What happens in Vegas... gets read', 'https://i.imgur.com/iJ5kL6m.jpg', 'nicole.garcia@gmail.com', 'Password123$', 1, '2024-01-18 11:52:00'),
(40, 'NashvilleReads', 'brandon_nashville', 'Music City book lover', 'https://i.imgur.com/nO7pQ8r.jpg', 'brandon.rodriguez@hotmail.com', 'Password123$', 2, '2024-04-12 13:15:00'),
(41, 'DetroitBooks', 'kimberly_detroit', 'Motor City reader', 'https://i.imgur.com/sT9uV0w.jpg', 'kimberly.williams@outlook.com', 'Password123$', 1, '2024-02-08 15:38:00'),
(42, 'MinneapolisReader', 'jason_minneapolis', 'Twin Cities bookworm', 'https://i.imgur.com/xY1zA2b.jpg', 'jason.jones@gmail.com', 'Password123$', 2, '2024-03-28 10:05:00'),
(43, 'RioBooks', 'camila_riodejaneiro', 'Carioca que ama livros', 'https://i.imgur.com/cD3eF4g.jpg', 'camila.santos@yahoo.com', 'Password123$', 1, '2024-01-22 17:28:00'),
(44, 'BahiaLiteraria', 'paulo_salvador', 'Bahia tem axé literário', 'https://i.imgur.com/hI5jK6l.jpg', 'paulo.oliveira@gmail.com', 'Password123$', 2, '2024-04-18 12:42:00'),
(45, 'GauchoReader', 'fernanda_portoalegre', 'Tchê, que livro bom!', 'https://i.imgur.com/mN7oP8q.jpg', 'fernanda.costa@hotmail.com', 'Password123$', 1, '2024-02-15 14:18:00'),
(46, 'BeloHorizonte', 'roberto_belohorizonte', 'Mineiro que lê demais', 'https://i.imgur.com/rS9tU0v.jpg', 'roberto.pereira@outlook.com', 'Password123$', 2, '2024-03-05 16:55:00'),
(47, 'ManausBooks', 'juliana_manaus', 'Amazônia literária', 'https://i.imgur.com/wX1yZ2a.jpg', 'juliana.lima@gmail.com', 'Password123$', 1, '2024-01-15 09:32:00'),
(48, 'FortalezaLe', 'marcos_fortaleza', 'Ceará de muitas histórias', 'https://i.imgur.com/bC3dE4f.jpg', 'marcos.silva@yahoo.com', 'Password123$', 2, '2024-04-25 18:08:00'),
(49, 'RecifeLiterario', 'andreia_recife', 'Pernambuco lê com paixão', 'https://i.imgur.com/gH5iJ6k.jpg', 'andreia.ferreira@gmail.com', 'Password123$', 1, '2024-02-12 11:45:00'),
(50, 'CuritibaBooks', 'eduardo_curitiba', 'Capital ecológica da leitura', 'https://i.imgur.com/lM7nO8p.jpg', 'eduardo.almeida@hotmail.com', 'Password123$', 2, '2024-03-22 15:12:00'),
(51, 'GoianiaReads', 'patricia_goiania', 'Goiás também lê', 'https://i.imgur.com/qR9sT0u.jpg', 'patricia.cardoso@outlook.com', 'Password123$', 1, '2024-01-08 13:28:00'),
(52, 'CampoGrandeBooks', 'ricardo_campogrande', 'Pantanal de histórias', 'https://i.imgur.com/vW1xY2z.jpg', 'ricardo.souza@gmail.com', 'Password123$', 2, '2024-04-15 17:50:00'),
(53, 'CordobaLector', 'valentina_cordoba', 'Córdoba lee con el corazón', 'https://i.imgur.com/aB3cD4e.jpg', 'valentina.fernandez@yahoo.com', 'Password123$', 1, '2024-02-28 10:15:00'),
(54, 'RosarioBooks', 'gabriel_rosario', 'Rosario de letras', 'https://i.imgur.com/fG5hI6j.jpg', 'gabriel.morales@gmail.com', 'Password123$', 2, '2024-03-18 14:38:00'),
(55, 'MendozaReader', 'sofia_mendoza', 'Entre viñedos y libros', 'https://i.imgur.com/kL7mN8o.jpg', 'sofia.torres@hotmail.com', 'Password123$', 1, '2024-01-25 16:22:00'),
(56, 'TucumanLiterario', 'alejandro_tucuman', 'Tucumán jardín de libros', 'https://i.imgur.com/pQ9rS0t.jpg', 'alejandro.vargas@outlook.com', 'Password123$', 2, '2024-04-08 12:05:00'),
(57, 'MarDelPlataBooks', 'carolina_mardelplata', 'Libros junto al mar', 'https://i.imgur.com/uV1wX2y.jpg', 'carolina.ruiz@gmail.com', 'Password123$', 1, '2024-02-18 15:48:00'),
(58, 'SaltaReader', 'matias_salta', 'Salta de página en página', 'https://i.imgur.com/zA3bC4d.jpg', 'matias.guerrero@yahoo.com', 'Password123$', 2, '2024-03-12 11:32:00'),
(59, 'NeuquenBooks', 'florencia_neuquen', 'Patagonia literaria', 'https://i.imgur.com/eF5gH6i.jpg', 'florencia.castro@gmail.com', 'Password123$', 1, '2024-01-18 18:15:00'),
(60, 'UshuaiaReader', 'benjamin_ushuaia', 'Fin del mundo, inicio de historias', 'https://i.imgur.com/jK1lM2n.jpg', 'benjamin.herrera@hotmail.com', 'Password123$', 2, '2024-04-22 09:58:00');

-- PLANS
INSERT INTO PLANS (ID, NAME, DESCRIPTION, PRICE_USD, PRICE_PEN, FEATURES_EN, FEATURES_ES) VALUES
(1, 'Basic', 'Access to basic features and content', 0, 0, 'Basic access to content', 'Acceso básico a contenido'),
(2, 'Premium', 'Access to all features and exclusive content', 10.84, 39.90, 'Full access to all content, exclusive discounts on products, access to the community section', 'Acceso completo a todo el contenido, descuentos exclusivos en productos, acceso a la sección de comunidad.');

-- SUBSCRIPTIONS
INSERT INTO SUBSCRIPTIONS (ID, USER_ID, PLAN_TYPE, STATUS, STARTED_AT, EXPIRES_AT, AMOUNT) VALUES
(1, 1, 1, 'active', '2024-01-15 10:30:00', '2024-02-15 10:30:00', 10.84),
(2, 2, 2, 'active', '2024-02-03 14:22:00', '2024-03-03 14:22:00', 10.84),
(3, 3, 1, 'active', '2024-01-28 16:45:00', '2024-02-28 16:45:00', 10.84),
(4, 4, 2, 'active', '2024-03-12 09:15:00', '2024-04-12 09:15:00', 10.84),
(5, 5, 1, 'active', '2024-02-20 11:33:00', '2024-03-20 11:33:00', 10.84),
(6, 6, 2, 'active', '2024-03-05 13:50:00', '2024-04-05 13:50:00', 10.84),
(7, 7, 1, 'active', '2024-01-10 18:20:00', '2024-02-10 18:20:00', 10.84),
(8, 8, 2, 'active', '2024-04-18 12:05:00', '2024-05-18 12:05:00', 10.84),
(9, 9, 1, 'active', '2024-02-14 15:40:00', '2024-03-14 15:40:00', 10.84),
(10, 10, 2, 'active', '2024-03-22 08:25:00', '2024-04-22 08:25:00', 10.84),
(11, 11, 1, 'active', '2024-01-30 17:10:00', '2024-02-29 17:10:00', 10.84),
(12, 12, 2, 'active', '2024-04-08 14:35:00', '2024-05-08 14:35:00', 10.84),
(13, 13, 1, 'active', '2024-02-25 11:55:00', '2024-03-25 11:55:00', 10.84),
(14, 14, 2, 'active', '2024-03-15 16:18:00', '2024-04-15 16:18:00', 10.84),
(15, 15, 1, 'active', '2024-01-22 09:42:00', '2024-02-22 09:42:00', 10.84),
(16, 16, 2, 'active', '2024-04-12 13:08:00', '2024-05-12 13:08:00', 10.84),
(17, 17, 1, 'active', '2024-02-08 15:23:00', '2024-03-08 15:23:00', 10.84),
(18, 18, 2, 'active', '2024-03-28 10:47:00', '2024-04-28 10:47:00', 10.84),
(19, 19, 1, 'active', '2024-01-18 18:12:00', '2024-02-18 18:12:00', 10.84),
(20, 20, 2, 'active', '2024-04-05 12:30:00', '2024-05-05 12:30:00', 10.84),
(21, 21, 1, 'active', '2024-02-12 14:55:00', '2024-03-12 14:55:00', 10.84),
(22, 22, 2, 'active', '2024-03-18 11:20:00', '2024-04-18 11:20:00', 10.84),
(23, 23, 1, 'active', '2024-01-25 16:40:00', '2024-02-25 16:40:00', 10.84),
(24, 24, 2, 'active', '2024-04-22 09:08:00', '2024-05-22 09:08:00', 10.84),
(25, 25, 1, 'active', '2024-02-28 13:25:00', '2024-03-28 13:25:00', 10.84),
(26, 26, 2, 'active', '2024-03-08 15:50:00', '2024-04-08 15:50:00', 10.84),
(27, 27, 1, 'active', '2024-01-12 10:15:00', '2024-02-12 10:15:00', 10.84),
(28, 28, 2, 'active', '2024-04-15 17:30:00', '2024-05-15 17:30:00', 10.84),
(29, 29, 1, 'active', '2024-02-05 12:48:00', '2024-03-05 12:48:00', 10.84),
(30, 30, 2, 'active', '2024-03-25 14:12:00', '2024-04-25 14:12:00', 10.84),
(31, 31, 1, 'active', '2024-01-08 16:35:00', '2024-02-08 16:35:00', 10.84),
(32, 32, 2, 'active', '2024-04-28 11:58:00', '2024-05-28 11:58:00', 10.84),
(33, 33, 1, 'active', '2024-02-18 13:22:00', '2024-03-18 13:22:00', 10.84),
(34, 34, 2, 'active', '2024-03-12 15:45:00', '2024-04-12 15:45:00', 10.84),
(35, 35, 1, 'active', '2024-01-28 09:18:00', '2024-02-28 09:18:00', 10.84),
(36, 36, 2, 'active', '2024-04-08 18:42:00', '2024-05-08 18:42:00', 10.84),
(37, 37, 1, 'active', '2024-02-22 14:08:00', '2024-03-22 14:08:00', 10.84),
(38, 38, 2, 'active', '2024-03-15 16:25:00', '2024-04-15 16:25:00', 10.84),
(39, 39, 1, 'active', '2024-01-18 11:52:00', '2024-02-18 11:52:00', 10.84),
(40, 40, 2, 'active', '2024-04-12 13:15:00', '2024-05-12 13:15:00', 10.84),
(41, 41, 1, 'active', '2024-02-08 15:38:00', '2024-03-08 15:38:00', 10.84),
(42, 42, 2, 'active', '2024-03-28 10:05:00', '2024-04-28 10:05:00', 10.84),
(43, 43, 1, 'active', '2024-01-22 17:28:00', '2024-02-22 17:28:00', 10.84),
(44, 44, 2, 'active', '2024-04-18 12:42:00', '2024-05-18 12:42:00', 10.84),
(45, 45, 1, 'active', '2024-02-15 14:18:00', '2024-03-15 14:18:00', 10.84),
(46, 46, 2, 'active', '2024-03-05 16:55:00', '2024-04-05 16:55:00', 10.84),
(47, 47, 1, 'active', '2024-01-15 09:32:00', '2024-02-15 09:32:00', 10.84),
(48, 48, 2, 'active', '2024-04-25 18:08:00', '2024-05-25 18:08:00', 10.84),
(49, 49, 1, 'active', '2024-02-12 11:45:00', '2024-03-12 11:45:00', 10.84),
(50, 50, 2, 'active', '2024-03-22 15:12:00', '2024-04-22 15:12:00', 10.84),
(51, 51, 1, 'active', '2024-01-08 13:28:00', '2024-02-08 13:28:00', 10.84),
(52, 52, 2, 'active', '2024-04-15 17:50:00', '2024-05-15 17:50:00', 10.84),
(53, 53, 1, 'active', '2024-02-28 10:15:00', '2024-03-28 10:15:00', 10.84),
(54, 54, 2, 'active', '2024-03-18 14:38:00', '2024-04-18 14:38:00', 10.84),
(55, 55, 1, 'active', '2024-01-25 16:22:00', '2024-02-25 16:22:00', 10.84),
(56, 56, 2, 'active', '2024-04-08 12:05:00', '2024-05-08 12:05:00', 10.84),
(57, 57, 1, 'active', '2024-02-18 15:48:00', '2024-03-18 15:48:00', 10.84),
(58, 58, 2, 'active', '2024-03-12 11:32:00', '2024-04-12 11:32:00', 10.84),
(59, 59, 1, 'active', '2024-01-18 18:15:00', '2024-02-18 18:15:00', 10.84),
(60, 60, 2, 'active', '2024-04-22 09:58:00', '2024-05-22 09:58:00', 10.84);

-- CLIENTS
INSERT INTO CLIENTS (ID, USER_ID, NAME, PHONE, ADDRESS, CITY, COUNTRY, POSTAL_CODE) VALUES
(1, 1, 'Martín González', '+54 11 4567-8901', 'Av. Corrientes 1234', 'Buenos Aires', 'Argentina', '1043'),
(2, 2, 'Sofía Martínez', '+52 55 1234-5678', 'Calle Reforma 567', 'Ciudad de México', 'México', '06600'),
(3, 3, 'Carlos Rodríguez', '+51 987654321', 'Jr. Lima 890', 'Lima', 'Perú', '15001'),
(4, 4, 'Emily Smith', '+1 416-555-0123', '123 Queen St West', 'Toronto', 'Canadá', 'M5H 2M9'),
(5, 5, 'Ana Silva', '+55 11 98765-4321', 'Rua Augusta 456', 'São Paulo', 'Brasil', '01305-000'),
(6, 6, 'Diego Morales', '+56 2 2345-6789', 'Avenida Providencia 789', 'Santiago', 'Chile', '7500000'),
(7, 7, 'Jennifer Johnson', '+1 212-555-0456', '456 Broadway Ave', 'Nueva York', 'Estados Unidos', '10013'),
(8, 8, 'Andrés López', '+57 1 234-5678', 'Carrera 7 #123-45', 'Bogotá', 'Colombia', '110111'),
(9, 9, 'María Fernández', '+58 212-555-0789', 'Av. Francisco de Miranda 321', 'Caracas', 'Venezuela', '1060'),
(10, 10, 'Luis Herrera', '+593 2 234-5678', 'Av. Amazonas 654', 'Quito', 'Ecuador', '170150'),
(11, 11, 'Patricia Gutiérrez', '+598 2 345-6789', 'Av. 18 de Julio 987', 'Montevideo', 'Uruguay', '11100'),
(12, 12, 'Ricardo Benítez', '+595 21 456-789', 'Av. Mariscal López 246', 'Asunción', 'Paraguay', '1209'),
(13, 13, 'Carmen Quispe', '+591 2 567-8901', 'Av. El Prado 135', 'La Paz', 'Bolivia', '0001'),
(14, 14, 'Rafael Castro', '+53 7 678-9012', 'Calle 23 #468', 'La Habana', 'Cuba', '10400'),
(15, 15, 'Gabriela Moreno', '+506 2234-5678', 'Av. Central 579', 'San José', 'Costa Rica', '10101'),
(16, 16, 'Manuel Rodríguez', '+507 789-0123', 'Vía España 802', 'Ciudad de Panamá', 'Panamá', '0823'),
(17, 17, 'Isabella Pérez', '+502 2345-6789', 'Zona 10, 6a Av. 13-91', 'Ciudad de Guatemala', 'Guatemala', '01010'),
(18, 18, 'Jorge Martínez', '+504 9876-5432', 'Col. Palmira, Av. República de Chile', 'Tegucigalpa', 'Honduras', '11101'),
(19, 19, 'Mónica García', '+503 7654-3210', 'Col. Escalón, Av. Masferrer Norte 123', 'San Salvador', 'El Salvador', '1101'),
(20, 20, 'Fernando López', '+505 8765-4321', 'Reparto San Juan, Casa 456', 'Managua', 'Nicaragua', '12066'),
(21, 21, 'Rosa Jiménez', '+1 809-555-7890', 'Av. Winston Churchill 789', 'Santo Domingo', 'República Dominicana', '10205'),
(22, 22, 'Pierre Jean', '+509 3456-7890', 'Rue Capois 234', 'Puerto Príncipe', 'Haití', 'HT6110'),
(23, 23, 'Susan Brown', '+1 876-567-8901', 'Hope Road 567', 'Kingston', 'Jamaica', '08'),
(24, 24, 'Carlos Méndez', '+501 678-9012', 'Albert Street 890', 'Belice', 'Belice', 'BZ'),
(25, 25, 'Natasha Williams', '+1 868-789-0123', 'Frederick Street 123', 'Puerto España', 'Trinidad y Tobago', '100101'),
(26, 26, 'Michael Clarke', '+1 246-890-1234', 'Broad Street 456', 'Bridgetown', 'Barbados', 'BB11144'),
(27, 27, 'Marie Tremblay', '+1 514-555-2345', '1234 Rue Sainte-Catherine', 'Montreal', 'Canadá', 'H3B 1A7'),
(28, 28, 'David Chen', '+1 604-555-3456', '789 Robson Street', 'Vancouver', 'Canadá', 'V6B 2T7'),
(29, 29, 'Jessica Davis', '+1 213-555-4567', '456 Sunset Boulevard', 'Los Ángeles', 'Estados Unidos', '90028'),
(30, 30, 'Robert Wilson', '+1 713-555-5678', '123 Main Street', 'Houston', 'Estados Unidos', '77002'),
(31, 31, 'Amanda Martínez', '+1 305-555-6789', '789 Ocean Drive', 'Miami', 'Estados Unidos', '33139'),
(32, 32, 'Anthony Johnson', '+1 312-555-7890', '456 Michigan Avenue', 'Chicago', 'Estados Unidos', '60611'),
(33, 33, 'Michelle Anderson', '+1 206-555-8901', '123 Pike Street', 'Seattle', 'Estados Unidos', '98101'),
(34, 34, 'William Taylor', '+1 617-555-9012', '789 Boylston Street', 'Boston', 'Estados Unidos', '02116'),
(35, 35, 'Stephanie Brown', '+1 404-555-0123', '456 Peachtree Street', 'Atlanta', 'Estados Unidos', '30309'),
(36, 36, 'Christopher Davis', '+1 303-555-1234', '123 16th Street Mall', 'Denver', 'Estados Unidos', '80202'),
(37, 37, 'Lisa Wilson', '+1 602-555-2345', '789 Central Avenue', 'Phoenix', 'Estados Unidos', '85004'),
(38, 38, 'Kevin Miller', '+1 503-555-3456', '456 SW Morrison Street', 'Portland', 'Estados Unidos', '97204'),
(39, 39, 'Nicole García', '+1 702-555-4567', '123 Las Vegas Boulevard', 'Las Vegas', 'Estados Unidos', '89101'),
(40, 40, 'Brandon Rodríguez', '+1 615-555-5678', '789 Broadway', 'Nashville', 'Estados Unidos', '37203'),
(41, 41, 'Kimberly Williams', '+1 313-555-6789', '456 Woodward Avenue', 'Detroit', 'Estados Unidos', '48226'),
(42, 42, 'Jason Jones', '+1 612-555-7890', '123 Nicollet Mall', 'Minneapolis', 'Estados Unidos', '55402'),
(43, 43, 'Camila Santos', '+55 21 98765-4321', 'Av. Copacabana 123', 'Río de Janeiro', 'Brasil', '22070-011'),
(44, 44, 'Paulo Oliveira', '+55 71 97654-3210', 'Rua do Pelourinho 456', 'Salvador', 'Brasil', '40026-280'),
(45, 45, 'Fernanda Costa', '+55 51 96543-2109', 'Av. Borges de Medeiros 789', 'Porto Alegre', 'Brasil', '90020-025'),
(46, 46, 'Roberto Pereira', '+55 31 95432-1098', 'Av. Afonso Pena 321', 'Belo Horizonte', 'Brasil', '30112-000'),
(47, 47, 'Juliana Lima', '+55 92 94321-0987', 'Av. Eduardo Ribeiro 654', 'Manaos', 'Brasil', '69010-001'),
(48, 48, 'Marcos Silva', '+55 85 93210-9876', 'Av. Beira Mar 987', 'Fortaleza', 'Brasil', '60165-121'),
(49, 49, 'Andreia Ferreira', '+55 81 92109-8765', 'Rua da Aurora 135', 'Recife', 'Brasil', '50050-000'),
(50, 50, 'Eduardo Almeida', '+55 41 91098-7654', 'Rua XV de Novembro 468', 'Curitiba', 'Brasil', '80020-310'),
(51, 51, 'Patrícia Cardoso', '+55 62 90987-6543', 'Av. Goiás 579', 'Goiânia', 'Brasil', '74023-010'),
(52, 52, 'Ricardo Souza', '+55 67 99876-5432', 'Av. Afonso Pena 802', 'Campo Grande', 'Brasil', '79002-070'),
(53, 53, 'Valentina Fernández', '+54 351 456-7890', 'Av. Colón 246', 'Córdoba', 'Argentina', '5000'),
(54, 54, 'Gabriel Morales', '+54 341 567-8901', 'Av. Pellegrini 357', 'Rosario', 'Argentina', '2000'),
(55, 55, 'Sofía Torres', '+54 261 678-9012', 'Av. San Martín 468', 'Mendoza', 'Argentina', '5500'),
(56, 56, 'Alejandro Vargas', '+54 381 789-0123', 'Av. Aconquija 579', 'San Miguel de Tucumán', 'Argentina', '4000'),
(57, 57, 'Carolina Ruiz', '+54 223 890-1234', 'Av. Constitución 680', 'Mar del Plata', 'Argentina', '7600'),
(58, 58, 'Matías Guerrero', '+54 387 901-2345', 'Av. Belgrano 791', 'Salta', 'Argentina', '4400'),
(59, 59, 'Florencia Castro', '+54 299 012-3456', 'Av. Argentina 902', 'Neuquén', 'Argentina', '8300'),
(60, 60, 'Benjamín Herrera', '+54 2901 123-456', 'Av. San Martín 13', 'Ushuaia', 'Argentina', '9410');

-- BOOKS
INSERT INTO BOOKS (ID, TITLE, DESCRIPTION, AUTHOR, PRICE, STOCK_COUNT, COVER_URL, GENRE, PUBLISHER, LANGUAGE, RATING_AVG, PAGE_COUNT, DISCOUNT_PERCENTAGE) VALUES
(1, 'Cien años de soledad', 'La épica historia de la familia Buendía en Macondo.', 'Gabriel García Márquez', 45.90, 10, 'https://i.imgur.com/7N0UyUJ.jpg', 1, 'Editorial Sudamericana', 'es', 4.65, 432, 0.00),
(2, 'Le dedico mi silencio', 'Una exploración de la música criolla y la identidad peruana.', 'Mario Vargas Llosa', 89.00, 10, 'https://i.imgur.com/qYcdX5Y.jpg', 1, 'Alfaguara', 'es', 4.20, 285, 0.00),
(3, 'Sapiens: De animales a dioses', 'Una breve historia de la humanidad desde una perspectiva única.', 'Yuval Noah Harari', 99.00, 10, 'https://i.imgur.com/OxxhFPg.jpg', 3, 'Debate', 'es', 4.55, 496, 0.00),
(4, 'Demon Slayer Vol. 1', 'Las aventuras de Tanjiro en su lucha contra los demonios.', 'Koyoharu Gotouge', 35.00, 10, 'https://i.imgur.com/aT2lqeB.jpg', 5, 'Panini Comics', 'es', 4.7, 192, 0.00),
(5, 'Alas de Sangre', 'Una historia de amor y guerra en un mundo fantástico.', 'Rebecca Yarros', 69.90, 10, 'https://i.imgur.com/T8huXJC.jpg', 4, 'Planeta', 'es', 4.30, 512, 0.00),
(6, 'Pecas y Manchas', 'La historia de un cachorro que busca su lugar en el mundo.', 'Patricia del Río', 49.90, 10, 'https://i.imgur.com/qKk4mNJ.jpg', 6, 'SM Ediciones', 'es', 4.4, 48, 0.00),
(7, 'El espía continental', 'La vida de Jacobo Hurwitz, educador y activista peruano.', 'Hugo Coya', 79.00, 10, 'https://i.imgur.com/WzCyZ9R.jpg', 3, 'Planeta', 'es', 4.10, 368, 0.00),
(8, 'Huaco retrato', 'Una exploración de la identidad y el legado familiar.', 'Gabriela Wiener', 59.00, 10, 'https://i.imgur.com/keZAwqv.jpg', 1, 'Random House', 'es', 4.25, 264, 0.00),
(9, 'El año del viento', 'Una novela sobre los primeros años del terror en el Perú.', 'Karina Pacheco', 65.00, 10, 'https://i.imgur.com/GzJkrNG.jpg', 1, 'Peisa', 'es', 4.15, 312, 0.00),
(10, 'La felicidad', 'Una mirada crítica acerca de la felicidad en estos tiempos.', 'Gabriel Rolón', 99.00, 10, 'https://i.imgur.com/LmLDvBw.jpg', 3, 'Planeta', 'es', 4.35, 288, 0.00),
(11, 'El psicoanalista', 'Un thriller psicológico que te atrapará desde el principio.', 'John Katzenbach', 55.50, 10, 'https://i.imgur.com/iLJcYw6.jpg', 2, 'Ediciones B', 'es', 4.45, 416, 0.00),
(12, 'Tokyo Revengers Vol. 1', 'Viajes en el tiempo y pandillas juveniles.', 'Ken Wakui', 38.00, 10, 'https://i.imgur.com/XleP7rp.jpg', 5, 'Norma Editorial', 'es', 4.60, 208, 0.00),
(13, 'Harry Potter y la piedra filosofal', 'El inicio de una aventura mágica.', 'J.K. Rowling', 75.00, 10, 'https://i.imgur.com/LlRTuVo.jpg', 4, 'Salamandra', 'es', 4.85, 256, 0.00),
(14, 'El monstruo de colores', 'Una historia infantil sobre las emociones.', 'Anna Llenas', 69.00, 10, 'https://i.imgur.com/JLPN24W.jpg', 6, 'Flamboyant', 'es', 4.70, 44, 0.00),
(15, 'Breves respuestas a las grandes preguntas', 'Stephen Hawking responde a los misterios del universo.', 'Stephen Hawking', 89.90, 10, 'https://i.imgur.com/pygnPZR.jpg', 3, 'Crítica', 'es', 4.40, 256, 0.00),
(16, 'Atomic Habits', 'Transforma tu vida con pequeños hábitos.', 'James Clear', 92.00, 10, 'https://i.imgur.com/ySvnNSr.jpg', 7, 'Paidós', 'es', 4.55, 320, 0.00),
(17, 'Rich Dad Poor Dad', 'Lo que los ricos enseñan a sus hijos sobre el dinero.', 'Robert T. Kiyosaki', 88.50, 10, 'https://i.imgur.com/HxWuHl6.jpg', 3, 'Plata Publishing', 'en', 4.25, 336, 0.00),
(18, 'The Great Gatsby', 'La decadencia y la esperanza en los años 20.', 'F. Scott Fitzgerald', 59.90, 10, 'https://i.imgur.com/4rfFsTt.jpg', 2, 'Scribner', 'en', 4.30, 180, 0.00),
(19, 'Where the Crawdads Sing', 'Un misterio rural con toques poéticos.', 'Delia Owens', 66.60, 10, 'https://i.imgur.com/8RYCAod.jpg', 2, 'G.P. Putnam Sons', 'en', 4.50, 384, 0.00),
(20, 'The Subtle Art of Not Giving a F*ck', 'Un enfoque distinto para vivir una buena vida.', 'Mark Manson', 85.00, 10, 'https://i.imgur.com/Cs3BWqf.jpg', 7, 'HarperOne', 'en', 4.15, 224, 0.00),
(21, 'El Principito', 'Una historia filosófica disfrazada de cuento infantil.', 'Antoine de Saint-Exupéry', 39.90, 10, 'https://i.imgur.com/SW4tXtE.jpg', 6, 'Salamandra', 'es', 4.94, 96, 0.00),
(22, 'El hombre en busca de sentido', 'Reflexiones de Viktor Frankl desde un campo de concentración.', 'Viktor E. Frankl', 62.00, 10, 'https://i.imgur.com/266v2kG.jpg', 3, 'Herder', 'es', 4.75, 192, 0.00),
(23, 'Norwegian Wood', 'Una historia de amor y pérdida en el Japón de los 60.', 'Haruki Murakami', 75.50, 10, 'https://i.imgur.com/ib88EDi.jpg', 1, 'Tusquets Editores', 'es', 4.35, 384, 0.00),
(24, 'Assassination Classroom Vol. 1', 'Una clase con una misión: matar a su maestro alienígena.', 'Yusei Matsui', 35.90, 10, 'https://i.imgur.com/bbLZh7s.jpg', 5, 'Norma Editorial', 'es', 4.60, 192, 0.00),
(25, 'Los juegos del hambre', 'Una lucha por sobrevivir en un futuro distópico.', 'Suzanne Collins', 78.00, 10, 'https://i.imgur.com/lziMVpt.jpg', 4, 'RBA Molino', 'es', 4.40, 384, 0.00),
(26, 'El monstruo del armario existe... y tú puedes vencerlo', 'Una guía emocional para niños con miedo.', 'Luis Gutiérrez Rojas', 44.00, 10, 'https://i.imgur.com/cPsgods.jpg', 6, 'Beascoa', 'es', 4.40, 64, 0.00),
(27, 'Una tierra prometida', 'Las memorias del expresidente Barack Obama.', 'Barack Obama', 99.90, 10, 'https://i.imgur.com/8a5tmBa.jpg', 3, 'Debate', 'es', 4.45, 768, 0.00),
(28, 'El amante japonés', 'Una historia de amor y secretos a lo largo de los años.', 'Isabel Allende', 65.00, 10, 'https://i.imgur.com/xaqvcCs.jpg', 1, 'Plaza & Janés', 'es', 4.20, 336, 0.00),
(29, 'Berserk Vol. 1', 'La historia oscura y brutal de Guts, el guerrero negro.', 'Kentaro Miura', 48.90, 10, 'https://i.imgur.com/iokXCCA.jpg', 5, 'Panini Comics', 'es', 4.80, 224, 0.00),
(30, 'Heartstopper Vol. 1', 'Un tierno romance juvenil entre dos chicos.', 'Alice Oseman', 69.00, 10, 'https://i.imgur.com/8QiD1Y2.jpg', 4, 'Crossbooks', 'es', 4.75, 288, 0.00),
(31, 'El poder del ahora', 'Una guía espiritual para encontrar la paz interior.', 'Eckhart Tolle', 82.50, 10, 'https://i.imgur.com/ewZIeEX.jpg', 7, 'Gaia Ediciones', 'es', 4.25, 256, 0.00),
(32, 'Educated', 'Una memoria poderosa sobre la superación y la educación.', 'Tara Westover', 74.00, 10, 'https://i.imgur.com/HmeAu1i.jpg', 3, 'Random House', 'en', 4.60, 352, 0.00),
(33, 'The Catcher in the Rye', 'La clásica novela sobre la adolescencia y la alienación.', 'J.D. Salinger', 56.90, 10, 'https://i.imgur.com/1fhRsuD.jpg', 2, 'Little, Brown', 'en', 4.20, 234, 0.00),
(34, 'It Ends with Us', 'Una historia de amor y decisiones difíciles.', 'Colleen Hoover', 76.00, 10, 'https://i.imgur.com/CNzmVps.jpg', 2, 'Atria Books', 'en', 4.35, 384, 0.00),
(35, 'Dune', 'La legendaria saga de ciencia ficción en Arrakis.', 'Frank Herbert', 90.00, 10, 'https://i.imgur.com/9mRfFoz.jpg', 2, 'Debolsillo', 'es', 4.70, 688, 0.00),
(36, 'La sombra del viento', 'Un misterio literario ambientado en la Barcelona de posguerra.', 'Carlos Ruiz Zafón', 78.90, 10, 'https://i.imgur.com/MWdPjUU.jpg', 1, 'Planeta', 'es', 4.65, 576, 0.00),
(37, 'Naruto Vol. 1', 'El comienzo del viaje de Naruto para ser Hokage.', 'Masashi Kishimoto', 32.00, 10, 'https://i.imgur.com/ao5qPA8.jpg', 5, 'Panini Comics', 'es', 4.85, 192, 0.00),
(38, 'Cazadores de sombras: Ciudad de hueso', 'Una joven descubre un mundo oculto de demonios y nefilim.', 'Cassandra Clare', 69.00, 10, 'https://i.imgur.com/Xpg0K9N.jpg', 4, 'Destino', 'es', 4.45, 512, 0.00),
(39, 'La ovejita que vino a cenar', 'Una entrañable historia infantil sobre la amistad.', 'Steve Smallman', 42.00, 10, 'https://i.imgur.com/O4HqZeK.jpg', 6, 'Beascoa', 'es', 4.70, 32, 0.00),
(40, "Can\'t Hurt Me", 'David Goggins y su brutal historia de superación personal.', 'David Goggins', 86.00, 10, 'https://i.imgur.com/ZKsk3lz.jpg', 7, 'Lioncrest Publishing', 'en', 4.50, 366, 0.00),
(41, 'Rayuela', 'Una novela experimental sobre el amor y el caos.', 'Julio Cortázar', 84.00, 10, 'https://i.imgur.com/OELzMY1.jpg', 1, 'Cátedra', 'es', 4.25, 736, 0.00),
(42, 'El código Da Vinci', 'Una carrera contra el tiempo para descubrir un secreto antiguo.', 'Dan Brown', 59.90, 10, 'https://i.imgur.com/Ff2WTd9.jpg', 2, 'Planeta', 'es', 4.15, 592, 0.00),
(43, 'Atomic Habits', 'Pequeños cambios que generan grandes resultados.', 'James Clear', 92.00, 10, 'https://i.imgur.com/I6uTnBU.jpg', 3, 'Avery Publishing', 'en', 4.55, 320, 0.00),
(44, 'Chainsaw Man Vol. 1', 'Un joven caza demonios que se convierte en uno.', 'Tatsuki Fujimoto', 34.90, 10, 'https://i.imgur.com/Mqy1taV.jpg', 5, 'Norma Editorial', 'es', 4.65, 200, 0.00),
(45, 'A todos los chicos de los que me enamoré', 'Una adolescente enfrenta las consecuencias de sus cartas de amor secretas.', 'Jenny Han', 66.00, 10, 'https://i.imgur.com/OwT6aqb.jpg', 4, 'Crossbooks', 'es', 4.30, 368, 0.00),
(46, '¿Dónde está Jhosep?', 'Un divertido libro interactivo para los más pequeños.', 'Eric Hill', 38.90, 10, 'https://i.imgur.com/klJb51R.jpg', 6, 'Kokinos', 'es', 4.80, 24, 0.00),
(47, 'Becoming', 'Las memorias inspiradoras de Michelle Obama.', 'Michelle Obama', 85.00, 10, 'https://i.imgur.com/a6MOHKf.jpg', 3, 'Plaza & Janés', 'es', 4.70, 448, 0.00),
(48, 'Crónica de una muerte anunciada', 'Un asesinato anunciado y la indiferencia de un pueblo.', 'Gabriel García Márquez', 49.90, 10, 'https://i.imgur.com/PD3nLNU.jpg', 1, 'Diana', 'es', 4.55, 128, 0.00),
(49, 'One Piece Vol. 1', 'El inicio de la gran aventura pirata de Luffy.', 'Eiichiro Oda', 35.90, 10, 'https://i.imgur.com/N6IUatX.jpg', 5, 'Panini Comics', 'es', 4.90, 208, 0.00),
(50, 'El corredor del laberinto', 'Un grupo de adolescentes atrapados en un misterioso laberinto.', 'James Dashner', 68.00, 10, 'https://i.imgur.com/SD7E8uE.jpg', 4, 'V&R Editoras', 'es', 4.25, 384, 0.00),
(51, 'Harry Potter y la piedra filosofal', 'El inicio de la historia del joven mago más famoso.', 'J.K. Rowling', 89.00, 10, 'https://i.imgur.com/255VnVx.jpg', 2, 'Salamandra', 'es', 4.85, 256, 0.00),
(52, 'Cómo ganar amigos e influir sobre las personas', 'Claves para mejorar tus relaciones y tu éxito.', 'Dale Carnegie', 54.00, 10, 'https://i.imgur.com/fJU1ijK.jpg', 7, 'Sudamericana', 'es', 4.40, 320, 0.00),
(53, 'The Alchemist', 'La búsqueda espiritual de un joven pastor andaluz.', 'Paulo Coelho', 69.50, 10, 'https://i.imgur.com/WxQ0WbU.jpg', 2, 'HarperOne', 'en', 4.35, 163, 0.00),
(54, '1984', 'Un futuro distópico dominado por un estado totalitario.', 'George Orwell', 63.90, 10, 'https://i.imgur.com/wfhMIJ8.jpg', 2, 'Debolsillo', 'es', 4.60, 352, 0.00),
(55, 'Las chicas del cable', 'La lucha de mujeres por su libertad en la España de los años 20.', 'Alba Quintas', 72.00, 10, 'https://i.imgur.com/hC7o8B1.jpg', 1, 'Suma', 'es', 4.20, 416, 0.00),
(56, 'Pokémon: Vol. 1', 'Las primeras aventuras de Ash y Pikachu.', 'Hidenori Kusaka', 30.00, 10, 'https://i.imgur.com/nAqhgZ7.jpg', 5, 'Norma Editorial', 'es', 4.70, 200, 0.00),
(57, 'After', 'Una historia de amor intensa y conflictiva.', 'Anna Todd', 75.00, 10, 'https://i.imgur.com/7cVfusm.jpg', 4, 'Planeta', 'es', 4.10, 592, 0.00),
(58, 'Cuentos para entender el mundo', 'Historias breves para reflexionar sobre la vida.', 'Eloy Moreno', 50.00, 10, 'https://i.imgur.com/6Az3jGf.jpg', 6, 'Nube de Tinta', 'es', 4.50, 208, 0.00),
(59, 'Steve Jobs', 'La biografía oficial del fundador de Apple.', 'Walter Isaacson', 98.00, 10, 'https://i.imgur.com/QjHYICU.jpg', 3, 'Debate', 'es', 4.55, 656, 0.00),
(60, '12 reglas para vivir', 'Consejos para enfrentar el caos del mundo moderno.', 'Jordan B. Peterson', 95.00, 10, 'https://i.imgur.com/5zxXAQ2.jpg', 7, 'Planeta', 'es', 4.30, 448, 0.00);

-- REVIEWS
INSERT INTO REVIEWS (USER_ID, BOOK_ID, RATING, COMMENT) VALUES
-- Book ID 1
(1, 1, 5, 'absolutely loved this book'),
-- Book ID 2
(2, 2, 5, 'Recomendadísimo'),
(3, 2, 4, 'Me hizo reflexionar mucho'),
(4, 2, 4, 'Perfecto para leer en una tarde'),
(5, 2, 5, 'Una lectura fascinante'),
(6, 2, 5, 'Una lectura fascinante'),
-- Book ID 3
(7, 3, 3, 'Buena trama, aunque esperaba más'),
(8, 3, 5, 'Me atrapó desde la primera página'),
(9, 3, 3, 'Buena trama, aunque esperaba más'),
(10, 3, 4, 'Me hizo reflexionar mucho'),
-- Book ID 4
(11, 4, 4, 'El final me sorprendió'),
(12, 4, 5, 'Me atrapó desde la primera página'),
(13, 4, 4, 'very fun anime but also very sad'),
-- Book ID 5
(14, 5, 5, 'No pude soltarlo'),
(15, 5, 4, 'Ideal para amantes del género'),
(16, 5, 4, 'El final me sorprendió'),
-- Book ID 6
(17, 6, 4, 'Los personajes están muy bien desarrollados'),
(18, 6, 4, 'Ideal para amantes del género'),
(19, 6, 4, 'Los personajes están muy bien desarrollados'),
-- Book ID 7
(20, 7, 3, 'Un poco lento al inicio, pero mejora'),
(21, 7, 4, 'Me hizo reflexionar mucho'),
(22, 7, 5, 'Recomendadísimo'),
(23, 7, 4, 'Ideal para amantes del género'),
(24, 7, 4, 'Los personajes están muy bien desarrollados'),
-- Book ID 8
(25, 8, 4, 'El final me sorprendió'),
(26, 8, 3, 'Un poco lento al inicio, pero mejora'),
(27, 8, 5, 'Me atrapó desde la primera página'),
(28, 8, 5, 'Una lectura fascinante'),
(29, 8, 4, 'Me hizo reflexionar mucho'),
-- Book ID 9
(30, 9, 4, 'Me hizo reflexionar mucho'),
(31, 9, 5, 'Una lectura fascinante'),
(32, 9, 4, 'Los personajes están muy bien desarrollados'),
(33, 9, 4, 'Ideal para amantes del género'),
-- Book ID 10
(34, 10, 5, 'Una lectura fascinante'),
(35, 10, 4, 'El final me sorprendió'),
(36, 10, 5, 'Una lectura fascinante'),
(37, 10, 3, 'Un poco lento al inicio, pero mejora'),
(38, 10, 4, 'Ideal para amantes del género'),
-- Book ID 11
(39, 11, 5, 'Recomendadísimo'),
-- Book ID 12
(40, 12, 3, 'Un poco lento al inicio, pero mejora'),
(41, 12, 3, 'Un poco lento al inicio, pero mejora'),
(42, 12, 4, 'Me hizo reflexionar mucho'),
-- Book ID 13
(43, 13, 4, 'El final me sorprendió'),
(44, 13, 4, 'Perfecto para leer en una tarde'),
(45, 13, 4, 'El final me sorprendió'),
-- Book ID 14
(46, 14, 3, 'Buena trama, aunque esperaba más'),
(47, 14, 5, 'Me atrapó desde la primera página'),
(48, 14, 5, 'Recomendadísimo'),
(49, 14, 3, 'Buena trama, aunque esperaba más'),
-- Book ID 15
(50, 15, 5, 'Recomendadísimo'),
-- Book ID 16
(51, 16, 5, 'Me atrapó desde la primera página'),
(52, 16, 3, 'Un poco lento al inicio, pero mejora'),
(53, 16, 5, 'Recomendadísimo'),
-- Book ID 17
(54, 17, 3, 'Un poco lento al inicio, pero mejora'),
(55, 17, 3, 'Buena trama, aunque esperaba más'),
(56, 17, 3, 'Buena trama, aunque esperaba más'),
(57, 17, 4, 'Perfecto para leer en una tarde'),
(58, 17, 3, 'Un poco lento al inicio, pero mejora'),
-- Book ID 18
(59, 18, 4, 'Me hizo reflexionar mucho'),
(60, 18, 5, 'Recomendadísimo'),
(1, 18, 5, 'Recomendadísimo'),
(2, 18, 3, 'Buena trama, aunque esperaba más'),
-- Book ID 19
(3, 19, 4, 'Me hizo reflexionar mucho'),
(4, 19, 5, 'Me atrapó desde la primera página'),
(5, 19, 4, 'Me hizo reflexionar mucho'),
-- Book ID 20
(6, 20, 4, 'Los personajes están muy bien desarrollados'),
(7, 20, 5, 'Me atrapó desde la primera página'),
(8, 20, 4, 'Perfecto para leer en una tarde'),
-- Book ID 21
(9, 21, 5, 'Una lectura fascinante'),
(10, 21, 4, 'Me hizo reflexionar mucho'),
(11, 21, 5, 'Me atrapó desde la primera página'),
-- Book ID 22
(12, 22, 5, 'Una lectura fascinante'),
(13, 22, 3, 'Un poco lento al inicio, pero mejora'),
(14, 22, 5, 'Me atrapó desde la primera página'),
(15, 22, 5, 'Me atrapó desde la primera página'),
-- Book ID 23
(16, 23, 5, 'Me atrapó desde la primera página'),
(17, 23, 5, 'No pude soltarlo'),
-- Book ID 24
(18, 24, 5, 'Recomendadísimo'),
(19, 24, 5, 'Recomendadísimo'),
(20, 24, 5, 'es muy bueno !!'),
-- Book ID 25
(21, 25, 5, 'Una lectura fascinante'),
-- Book ID 26
(22, 26, 5, 'No pude soltarlo'),
(23, 26, 3, 'Un poco lento al inicio, pero mejora'),
(24, 26, 5, 'Recomendadísimo'),
-- Book ID 27
(25, 27, 4, 'Me hizo reflexionar mucho'),
(26, 27, 4, 'Ideal para amantes del género'),
(27, 27, 4, 'El final me sorprendió'),
-- Book ID 28
(28, 28, 4, 'Me hizo reflexionar mucho'),
(29, 28, 5, 'Una lectura fascinante'),
(30, 28, 4, 'Me hizo reflexionar mucho'),
-- Book ID 29
(31, 29, 4, 'Ideal para amantes del género'),
(32, 29, 5, 'Una lectura fascinante'),
(33, 29, 3, 'Un poco lento al inicio, pero mejora'),
(34, 29, 3, 'Un poco lento al inicio, pero mejora'),
-- Book ID 30
(35, 30, 5, 'No pude soltarlo'),
(36, 30, 5, 'No pude soltarlo'),
(37, 30, 4, 'Los personajes están muy bien desarrollados'),
(38, 30, 5, 'Recomendadísimo'),
-- Book ID 31
(39, 31, 3, 'Buena trama, aunque esperaba más'),
(40, 31, 3, 'Un poco lento al inicio, pero mejora'),
(41, 31, 4, 'Me hizo reflexionar mucho'),
(42, 31, 3, 'Buena trama, aunque esperaba más'),
(43, 31, 4, 'El final me sorprendió'),
-- Book ID 32
(44, 32, 5, 'Una lectura fascinante'),
(45, 32, 5, 'Me atrapó desde la primera página'),
-- Book ID 33
(46, 33, 4, 'Ideal para amantes del género'),
-- Book ID 34
(47, 34, 5, 'Una lectura fascinante'),
-- Book ID 35
(48, 35, 3, 'Un poco lento al inicio, pero mejora'),
(49, 35, 3, 'Buena trama, aunque esperaba más'),
(50, 35, 3, 'Un poco lento al inicio, pero mejora'),
(51, 35, 4, 'Perfecto para leer en una tarde'),
-- Book ID 36
(52, 36, 4, 'Me hizo reflexionar mucho'),
(53, 36, 3, 'Buena trama, aunque esperaba más'),
(54, 36, 4, 'Los personajes están muy bien desarrollados'),
(55, 36, 3, 'Buena trama, aunque esperaba más'),
(56, 36, 4, 'El final me sorprendió'),
-- Book ID 37
(57, 37, 3, 'Un poco lento al inicio, pero mejora'),
(58, 37, 5, 'Me atrapó desde la primera página'),
-- Book ID 38
(59, 38, 5, 'Una lectura fascinante'),
(60, 38, 3, 'Buena trama, aunque esperaba más'),
(1, 38, 5, 'Una lectura fascinante'),
(2, 38, 4, 'El final me sorprendió'),
-- Book ID 39
(3, 39, 4, 'Ideal para amantes del género'),
(4, 39, 3, 'Buena trama, aunque esperaba más'),
(5, 39, 5, 'Recomendadísimo'),
-- Book ID 40
(6, 40, 4, 'Ideal para amantes del género'),
-- Book ID 41
(7, 41, 4, 'Ideal para amantes del género'),
(8, 41, 5, 'Recomendadísimo'),
(9, 41, 5, 'Una lectura fascinante'),
(10, 41, 4, 'El final me sorprendió'),
-- Book ID 42
(11, 42, 5, 'Me atrapó desde la primera página'),
(12, 42, 3, 'Un poco lento al inicio, pero mejora'),
(13, 42, 4, 'Ideal para amantes del género'),
(14, 42, 5, 'Una lectura fascinante'),
(15, 42, 5, 'Me atrapó desde la primera página'),
-- Book ID 43
(16, 43, 5, 'Una lectura fascinante'),
(17, 43, 4, 'Perfecto para leer en una tarde'),
(18, 43, 4, 'Perfecto para leer en una tarde'),
-- Book ID 44
(19, 44, 4, 'Me hizo reflexionar mucho'),
(20, 44, 5, 'Me atrapó desde la primera página'),
(21, 44, 4, 'Ideal para amantes del género'),
-- Book ID 45
(22, 45, 5, 'Una lectura fascinante'),
-- Book ID 46
(23, 46, 4, 'Perfecto para leer en una tarde'),
(24, 46, 4, 'El final me sorprendió'),
(25, 46, 4, 'Los personajes están muy bien desarrollados'),
(26, 46, 4, 'El final me sorprendió'),
-- Book ID 47
(27, 47, 3, 'Buena trama, aunque esperaba más'),
(28, 47, 3, 'Un poco lento al inicio, pero mejora'),
(29, 47, 4, 'Los personajes están muy bien desarrollados'),
(30, 47, 4, 'El final me sorprendió'),
(31, 47, 5, 'Recomendadísimo'),
-- Book ID 48
(32, 48, 4, 'Perfecto para leer en una tarde'),
(33, 48, 3, 'Un poco lento al inicio, pero mejora'),
(34, 48, 4, 'Los personajes están muy bien desarrollados'),
(35, 48, 3, 'Buena trama, aunque esperaba más'),
(36, 48, 4, 'Ideal para amantes del género'),
(37, 48, 5, 'definitivamente de mis libros favs'),
-- Book ID 49
(38, 49, 5, 'Una lectura fascinante'),
(39, 49, 5, 'Me atrapó desde la primera página'),
-- Book ID 50
(40, 50, 5, 'No pude soltarlo'),
(41, 50, 5, 'Una lectura fascinante'),
(42, 50, 3, 'Buena trama, aunque esperaba más'),
(43, 50, 5, 'No pude soltarlo'),
-- Book ID 51
(44, 51, 4, 'Me hizo reflexionar mucho'),
(45, 51, 4, 'Ideal para amantes del género'),
-- Book ID 52
(46, 52, 4, 'Perfecto para leer en una tarde'),
(47, 52, 4, 'Me hizo reflexionar mucho'),
(48, 52, 4, 'Perfecto para leer en una tarde'),
(49, 52, 3, 'Un poco lento al inicio, pero mejora'),
-- Book ID 53
(50, 53, 4, 'Me hizo reflexionar mucho'),
(51, 53, 5, 'Me atrapó desde la primera página'),
(52, 53, 3, 'Un poco lento al inicio, pero mejora'),
(53, 53, 5, 'Me atrapó desde la primera página'),
-- Book ID 54
(54, 54, 4, 'Perfecto para leer en una tarde'),
-- Book ID 55
(55, 55, 5, 'Me atrapó desde la primera página'),
(56, 55, 5, 'No pude soltarlo'),
-- Book ID 56
(57, 56, 4, 'El final me sorprendió'),
(58, 56, 3, 'Buena trama, aunque esperaba más'),
(59, 56, 5, 'Recomendadísimo'),
-- Book ID 57
(60, 57, 5, 'No pude soltarlo'),
(1, 57, 5, 'Me atrapó desde la primera página'),
(2, 57, 5, 'Una lectura fascinante'),
(3, 57, 3, 'Un poco lento al inicio, pero mejora'),
(4, 57, 3, 'Buena trama, aunque esperaba más'),
-- Book ID 58
(5, 58, 4, 'Ideal para amantes del género'),
-- Book ID 59
(6, 59, 4, 'Perfecto para leer en una tarde'),
(7, 59, 5, 'No pude soltarlo'),
(8, 59, 4, 'Ideal para amantes del género'),
-- Book ID 60
(9, 60, 5, 'No pude soltarlo'),
(10, 60, 4, 'Perfecto para leer en una tarde');

-- COMMUNITIES
INSERT INTO COMMUNITIES (ID, NAME, DESCRIPTION, TYPE, COVER_URL, BANNER_URL, MEMBER_COUNT, CREATED_AT) VALUES
(1, 'Jojofans', 'Aquí amamos a Joseph sobre todas las cosas', 5, 'https://i.imgur.com/K9hEj0v.jpg', 'https://i.imgur.com/E12pOp3.jpg', 10, '2024-03-15 14:23:00'),
(2, 'Detectives de tinta', 'Para los fans de novelas de misterio y detectives.', 2, 'https://i.imgur.com/lZSIKt1.jpg', 'https://i.imgur.com/leM9X71.jpg', 15, '2024-05-22 09:45:00'),
(3, 'Cuentitos mágicos', 'Comunidad de libros para peques y cuentos de hadas.', 6, 'https://i.imgur.com/lxrbFYU.jpg', 'https://i.imgur.com/sFvMdAS.jpg', 17, '2024-01-08 16:12:00'),
(4, 'Club Austen', 'Amamos a Jane Austen y el drama de época.', 1, 'https://i.imgur.com/YvapK03.jpg', 'https://i.imgur.com/D0GffC5.jpg', 20, '2024-07-03 11:30:00'),
(5, 'Crimen y café', 'Para debatir sobre thrillers, asesinatos y buenos giros.', 2, 'https://i.imgur.com/l6kYM0x.jpg', 'https://i.imgur.com/igcBVQm.jpg', 18, '2024-02-14 20:18:00'),
(6, 'Solo datos reales', 'Comunidad de no ficción: historia, ciencia, biografías.', 3, 'https://i.imgur.com/eAmm5QL.jpg', 'https://i.imgur.com/w9lPJAb.jpg', 21, '2024-09-10 13:42:00'),
(7, 'Románticxs Anónimxs', 'Amamos los finales felices y las historias intensas.', 4, 'https://i.imgur.com/SrpeUww.jpg', 'https://i.imgur.com/TUGlIbC.jpg', 17, '2024-04-28 18:55:00'),
(8, 'Multiverso manga', 'Para fans del manga de todos los géneros.', 5, 'https://i.imgur.com/BR3tJpT.jpg', 'https://i.imgur.com/JLxsNT0.jpg', 13, '2024-06-16 08:27:00'),
(9, 'Escuadrón distopía', 'Discutimos libros donde el mundo se va a la ruina.', 4, 'https://i.imgur.com/OWckAP1.jpg', 'https://i.imgur.com/RrhBnD3.jpg', 15, '2024-11-05 15:33:00'),
(10, 'Ficción que arde', 'Libros que nos hacen pensar, llorar o enojarnos.', 2, 'https://i.imgur.com/qMAjiiT.jpg', 'https://i.imgur.com/aNWSJeH.jpg', 9, '2024-08-20 12:16:00'),
(11, 'Niños lectores', 'Padres, profes y peques hablando de libros infantiles.', 6, 'https://i.imgur.com/Nmd7Frm.jpg', 'https://i.imgur.com/elrFYNk.jpg', 25, '2024-12-01 10:48:00'),
(12, 'Clásicos con café', 'Comunidad para hablar de clásicos de la literatura.', 1, 'https://i.imgur.com/qT4IHDf.jpg', 'https://i.imgur.com/KNNdyPA.jpg', 5, '2024-03-30 17:21:00'),
(13, 'Cyberpunkers', 'Donde hablamos de robots, futuro oscuro y chips cerebrales.', 2, 'https://i.imgur.com/sqd9ijG.jpg', 'https://i.imgur.com/HKAjRJ2.jpg', 7, '2024-10-12 14:05:00'),
(14, 'Audiolectores', 'Amantes de los audiolibros y escuchar historias.', 7, 'https://i.imgur.com/kDb7VjU.jpg', 'https://i.imgur.com/sX1l1P7.jpg', 17, '2024-05-07 19:39:00'),
(15, 'Datos Curiosos', 'Para fans de libros de curiosidades, ciencia y más.', 3, 'https://i.imgur.com/dAwpEaU.jpg', 'https://i.imgur.com/xaV4SQh.jpg', 15, '2024-07-25 09:14:00'),
(16, 'Mangamanía', 'Comunidad otaku: shonen, shojo, seinen y más.', 5, 'https://i.imgur.com/tOQkbaZ.jpg', 'https://i.imgur.com/u90o2wi.jpg', 37, '2024-01-20 21:03:00'),
(17, 'Poetas del sur', 'Espacio para hablar de poesía en español.', 1, 'https://i.imgur.com/bAjqQvz.jpg', 'https://i.imgur.com/nlMxqxw.jpg', 42, '2024-09-18 11:26:00'),
(18, 'PDF Lovers', 'Gente que ama leer desde su tablet o Kindle.', 7, 'https://i.imgur.com/nQ5dY6e.jpg', 'https://i.imgur.com/Jnw5cjB.jpg', 25, '2024-04-11 16:57:00'),
(19, 'Historias reales', 'Discutimos sobre libros biográficos e históricos.', 3, 'https://i.imgur.com/ioWU2Rc.jpg', 'https://i.imgur.com/CFBNgtE.jpg', 52, '2024-06-29 13:44:00'),
(20, 'Fantasía de tinta', 'Elfos, magia, dragones y épicas batallas.', 2, 'https://i.imgur.com/D6LuXwz.jpg', 'https://i.imgur.com/Wls0N2e.jpg', 58, '2024-08-06 20:12:00'),
(21, 'BookTok Perú', 'Donde se habla de los libros virales en TikTok.', 4, 'https://i.imgur.com/D7pIFSw.jpg', 'https://i.imgur.com/76qbyyg.jpg', 57, '2024-11-22 15:28:00'),
(22, 'Solo novelas gráficas', 'Para quienes disfrutan leer con dibujos.', 5, 'https://i.imgur.com/gxJk81g.jpg', 'https://i.imgur.com/MYTcDDY.jpg', 50, '2024-02-28 10:35:00'),
(23, 'Mini cuenteros', 'Niños contando y comentando sus historias favoritas.', 6, 'https://i.imgur.com/8YOK9Qj.jpg', 'https://i.imgur.com/hZuD4Fd.jpg', 45, '2024-12-15 18:06:00'),
(24, 'Lectores rebeldes', 'Nos gusta lo raro, lo alternativo, lo diferente.', 2, 'https://i.imgur.com/ggT3KIh.jpg', 'https://i.imgur.com/cMBW1HK.jpg', 46, '2024-05-14 12:51:00'),
(25, 'Amamos el drama', 'Comunidad de novelas intensas, conflictos y pasión.', 4, 'https://i.imgur.com/UVUJQde.jpg', 'https://i.imgur.com/sq3VbEN.jpg', 37, '2024-07-31 14:19:00'),
(26, 'Sabiduría pop', 'Leemos libros de autoayuda y desarrollo personal.', 3, 'https://i.imgur.com/NtbUCnB.jpg', 'https://i.imgur.com/RKrDpkQ.jpg', 29, '2024-09-03 09:42:00'),
(27, 'Solo ebooks', 'Nos encanta leer digital y compartir recomendaciones.', 7, 'https://i.imgur.com/qw5B3gB.jpg', 'https://i.imgur.com/Jf79PnY.jpg', 33, '2024-03-12 16:33:00'),
(28, 'Romance en viñetas', 'Comics y mangas románticos para llorar y suspirar.', 5, 'https://i.imgur.com/HRPqrCC.jpg', 'https://i.imgur.com/snKLgJ6.jpg', 46, '2024-10-28 11:08:00'),
(29, 'Terror con linterna', 'Libros de miedo para leer a media noche.', 2, 'https://i.imgur.com/JVtnAFt.jpg', 'https://i.imgur.com/NjoFfUt.jpg', 59, '2024-06-18 22:45:00'),
(30, 'Crush literario', 'Compartimos nuestro crush de libro favorito cada semana.', 4, 'https://i.imgur.com/z58pbLV.jpg', 'https://i.imgur.com/TQFn9Hd.jpg', 24, '2025-01-09 13:17:00');

INSERT INTO GENRES (ID, NAME_EN, NAME_ES, DESCRIPTION_EN, DESCRIPTION_ES) VALUES
(1, 'Literature', 'Literatura', 'Masterpieces of classical and contemporary literature.', 'Obras maestras de la literatura clásica y contemporánea.'),
(2, 'Fiction', 'Ficción', 'Novels of fiction that transport us to other worlds.', 'Novelas de ficción que nos transportan a otros mundos.'),
(3, 'Nonfiction', 'No ficción', 'Books based on real events, biographies, and essays.', 'Libros basados en hechos reales, biografías y ensayos.'),
(4, 'Young Adult', 'Juvenil', 'Literature aimed at adolescents and young adults.', 'Literatura dirigida a adolescentes y jóvenes adultos.'),
(5, 'Comics and Mangas', 'Cómics y Mangas', 'Mangas and comics of all genres.', 'Mangas y cómics de todos los géneros.'),
(6, "Children\'s", 'Infantil', 'Books for children and illustrated stories.', 'Libros para niños y cuentos ilustrados.'),
(7, 'Ebooks', 'Ebooks', 'Digital books for reading on electronic devices.', 'Libros digitales para leer en dispositivos electrónicos.');

-- COMMUNITY_MEMBERS
INSERT INTO COMMUNITY_MEMBERS (USER_ID, COMMUNITY_ID, ROLE) VALUES
(23, 1, 'administrator'),
(7, 2, 'administrator'),
(41, 3, 'administrator'),
(15, 4, 'administrator'),
(52, 5, 'administrator'),
(3, 6, 'administrator'),
(38, 7, 'administrator'),
(19, 8, 'administrator'),
(56, 9, 'administrator'),
(12, 10, 'administrator'),
(29, 11, 'administrator'),
(46, 12, 'administrator'),
(8, 13, 'administrator'),
(33, 14, 'administrator'),
(51, 15, 'administrator'),
(4, 16, 'administrator'),
(24, 17, 'administrator'),
(37, 18, 'administrator'),
(14, 19, 'administrator'),
(49, 20, 'administrator'),
(2, 21, 'administrator'),
(58, 22, 'administrator'),
(17, 23, 'administrator'),
(43, 24, 'administrator'),
(26, 25, 'administrator'),
(60, 26, 'administrator'),
(11, 27, 'administrator'),
(35, 28, 'administrator'),
(5, 29, 'administrator'),
(22, 30, 'administrator'),
-- Primera comunidad (9)
(1, 1, 'moderator'),
(2, 1, 'member'),
(3, 1, 'member'),
(4, 1, 'member'),
(5, 1, 'member'),
(6, 1, 'member'),
(7, 1, 'member'),
(8, 1, 'member'),
(9, 1, 'member'),
-- Segunda comunidad (14)
(1, 2, 'moderator'),
(2, 2, 'moderator'),
(3, 2, 'member'),
(4, 2, 'member'),
(5, 2, 'member'),
(6, 2, 'member'),
(60, 2, 'member'),
(8, 2, 'member'),
(9, 2, 'member'),
(10, 2, 'member'),
(11, 2, 'member'),
(12, 2, 'member'),
(13, 2, 'member'),
(14, 2, 'member'),
-- Tercera comunidad (16)
(1, 3, 'moderator'),
(2, 3, 'member'),
(3, 3, 'member'),
(4, 3, 'member'),
(5, 3, 'member'),
(6, 3, 'member'),
(7, 3, 'member'),
(8, 3, 'member'),
(9, 3, 'member'),
(10, 3, 'member'),
(11, 3, 'member'),
(12, 3, 'member'),
(13, 3, 'member'),
(14, 3, 'member'),
(15, 3, 'member'),
(16, 3, 'member'),
-- Cuarta comunidad (19)
(1, 4, 'moderator'),
(2, 4, 'member'),
(3, 4, 'member'),
(4, 4, 'member'),
(5, 4, 'member'),
(6, 4, 'member'),
(7, 4, 'member'),
(8, 4, 'member'),
(9, 4, 'member'),
(10, 4, 'member'),
(11, 4, 'member'),
(12, 4, 'member'),
(13, 4, 'member'),
(14, 4, 'member'),
(60, 4, 'member'),
(16, 4, 'member'),
(17, 4, 'member'),
(18, 4, 'member'),
(19, 4, 'member'),
-- Quinta comunidad (17)
(1, 5, 'moderator'),
(2, 5, 'moderator'),
(3, 5, 'member'),
(4, 5, 'member'),
(5, 5, 'member'),
(6, 5, 'member'),
(7, 5, 'member'),
(8, 5, 'member'),
(9, 5, 'member'),
(10, 5, 'member'),
(11, 5, 'member'),
(12, 5, 'member'),
(13, 5, 'member'),
(14, 5, 'member'),
(15, 5, 'member'),
(16, 5, 'member'),
(17, 5, 'member'),
-- Sexta comunidad (20)
(1, 6, 'moderator'),
(2, 6, 'member'),
(60, 6, 'member'),
(4, 6, 'member'),
(5, 6, 'member'),
(6, 6, 'member'),
(7, 6, 'member'),
(8, 6, 'member'),
(9, 6, 'member'),
(10, 6, 'member'),
(11, 6, 'member'),
(12, 6, 'member'),
(13, 6, 'member'),
(14, 6, 'member'),
(15, 6, 'member'),
(16, 6, 'member'),
(17, 6, 'member'),
(18, 6, 'member'),
(19, 6, 'member'),
(20, 6, 'member'),
-- Séptima comunidad (16)
(1, 7, 'moderator'),
(2, 7, 'member'),
(3, 7, 'member'),
(4, 7, 'member'),
(5, 7, 'member'),
(6, 7, 'member'),
(7, 7, 'member'),
(8, 7, 'member'),
(9, 7, 'member'),
(10, 7, 'member'),
(11, 7, 'member'),
(12, 7, 'member'),
(13, 7, 'member'),
(14, 7, 'member'),
(15, 7, 'member'),
(16, 7, 'member'),
-- Octava comunidad (12)
(1, 8, 'moderator'),
(2, 8, 'member'),
(3, 8, 'member'),
(4, 8, 'member'),
(5, 8, 'member'),
(6, 8, 'member'),
(7, 8, 'member'),
(8, 8, 'member'),
(9, 8, 'member'),
(10, 8, 'member'),
(11, 8, 'member'),
(12, 8, 'member'),
-- Novena comunidad (14)
(1, 9, 'moderator'),
(2, 9, 'moderator'),
(3, 9, 'member'),
(4, 9, 'member'),
(5, 9, 'member'),
(6, 9, 'member'),
(7, 9, 'member'),
(8, 9, 'member'),
(9, 9, 'member'),
(10, 9, 'member'),
(11, 9, 'member'),
(12, 9, 'member'),
(13, 9, 'member'),
(14, 9, 'member'),
-- Décima comunidad (8)
(1, 10, 'member'),
(2, 10, 'member'),
(3, 10, 'member'),
(4, 10, 'member'),
(5, 10, 'member'),
(6, 10, 'member'),
(7, 10, 'member'),
(8, 10, 'member'),
-- Undécima comunidad (24)
(1, 11, 'moderator'),
(2, 11, 'member'),
(3, 11, 'member'),
(4, 11, 'member'),
(5, 11, 'member'),
(6, 11, 'member'),
(7, 11, 'member'),
(8, 11, 'member'),
(9, 11, 'member'),
(10, 11, 'member'),
(11, 11, 'member'),
(12, 11, 'member'),
(13, 11, 'member'),
(14, 11, 'member'),
(15, 11, 'member'),
(16, 11, 'member'),
(17, 11, 'member'),
(18, 11, 'member'),
(19, 11, 'member'),
(20, 11, 'member'),
(21, 11, 'member'),
(22, 11, 'member'),
(23, 11, 'member'),
(24, 11, 'member'),
-- Duodécima comunidad (4)
(1, 12, 'member'),
(2, 12, 'member'),
(3, 12, 'member'),
(4, 12, 'member'),
-- Decimotercera comunidad (6)
(1, 13, 'member'),
(2, 13, 'member'),
(3, 13, 'member'),
(4, 13, 'member'),
(5, 13, 'member'),
(6, 13, 'member'),
-- Decimocuarta comunidad (16)
(1, 14, 'member'),
(2, 14, 'member'),
(3, 14, 'member'),
(4, 14, 'member'),
(5, 14, 'member'),
(6, 14, 'member'),
(7, 14, 'member'),
(8, 14, 'member'),
(9, 14, 'member'),
(10, 14, 'member'),
(11, 14, 'member'),
(12, 14, 'member'),
(13, 14, 'member'),
(14, 14, 'member'),
(15, 14, 'member'),
(16, 14, 'member'),
-- Decimoquinta comunidad (14)
(1, 15, 'moderator'),
(2, 15, 'member'),
(3, 15, 'member'),
(4, 15, 'member'),
(5, 15, 'member'),
(6, 15, 'member'),
(7, 15, 'member'),
(8, 15, 'member'),
(9, 15, 'member'),
(10, 15, 'member'),
(11, 15, 'member'),
(12, 15, 'member'),
(13, 15, 'member'),
(14, 15, 'member'),
-- Decimosexta comunidad (36)
(1, 16, 'moderator'),
(2, 16, 'moderator'),
(3, 16, 'moderator'),
(60, 16, 'member'),
(5, 16, 'member'),
(6, 16, 'member'),
(7, 16, 'member'),
(8, 16, 'member'),
(9, 16, 'member'),
(10, 16, 'member'),
(11, 16, 'member'),
(12, 16, 'member'),
(13, 16, 'member'),
(14, 16, 'member'),
(15, 16, 'member'),
(16, 16, 'member'),
(17, 16, 'member'),
(18, 16, 'member'),
(19, 16, 'member'),
(20, 16, 'member'),
(21, 16, 'member'),
(22, 16, 'member'),
(23, 16, 'member'),
(24, 16, 'member'),
(25, 16, 'member'),
(26, 16, 'member'),
(27, 16, 'member'),
(28, 16, 'member'),
(29, 16, 'member'),
(30, 16, 'member'),
(31, 16, 'member'),
(32, 16, 'member'),
(33, 16, 'member'),
(34, 16, 'member'),
(35, 16, 'member'),
(36, 16, 'member'),
-- Decimoséptima comunidad (41)
(1, 17, 'moderator'),
(2, 17, 'moderator'),
(3, 17, 'moderator'),
(4, 17, 'member'),
(5, 17, 'member'),
(6, 17, 'member'),
(7, 17, 'member'),
(8, 17, 'member'),
(9, 17, 'member'),
(10, 17, 'member'),
(11, 17, 'member'),
(12, 17, 'member'),
(13, 17, 'member'),
(14, 17, 'member'),
(15, 17, 'member'),
(16, 17, 'member'),
(17, 17, 'member'),
(18, 17, 'member'),
(19, 17, 'member'),
(20, 17, 'member'),
(21, 17, 'member'),
(22, 17, 'member'),
(23, 17, 'member'),
(60, 17, 'member'),
(25, 17, 'member'),
(26, 17, 'member'),
(27, 17, 'member'),
(28, 17, 'member'),
(29, 17, 'member'),
(30, 17, 'member'),
(31, 17, 'member'),
(32, 17, 'member'),
(33, 17, 'member'),
(34, 17, 'member'),
(35, 17, 'member'),
(36, 17, 'member'),
(37, 17, 'member'),
(38, 17, 'member'),
(39, 17, 'member'),
(40, 17, 'member'),
(41, 17, 'member'),
-- Decimoctava comunidad (24)
(1, 18, 'member'),
(2, 18, 'member'),
(3, 18, 'member'),
(4, 18, 'member'),
(5, 18, 'member'),
(6, 18, 'member'),
(7, 18, 'member'),
(8, 18, 'member'),
(9, 18, 'member'),
(10, 18, 'member'),
(11, 18, 'member'),
(12, 18, 'member'),
(13, 18, 'member'),
(14, 18, 'member'),
(15, 18, 'member'),
(16, 18, 'member'),
(17, 18, 'member'),
(18, 18, 'member'),
(19, 18, 'member'),
(20, 18, 'member'),
(21, 18, 'member'),
(22, 18, 'member'),
(23, 18, 'member'),
(24, 18, 'member'),
-- Decimonovena comunidad (51)
(1, 19, 'moderator'),
(2, 19, 'moderator'),
(3, 19, 'moderator'),
(4, 19, 'member'),
(5, 19, 'member'),
(6, 19, 'member'),
(7, 19, 'member'),
(8, 19, 'member'),
(9, 19, 'member'),
(10, 19, 'member'),
(11, 19, 'member'),
(12, 19, 'member'),
(13, 19, 'member'),
(60, 19, 'member'),
(15, 19, 'member'),
(16, 19, 'member'),
(17, 19, 'member'),
(18, 19, 'member'),
(19, 19, 'member'),
(20, 19, 'member'),
(21, 19, 'member'),
(22, 19, 'member'),
(23, 19, 'member'),
(24, 19, 'member'),
(25, 19, 'member'),
(26, 19, 'member'),
(27, 19, 'member'),
(28, 19, 'member'),
(29, 19, 'member'),
(30, 19, 'member'),
(31, 19, 'member'),
(32, 19, 'member'),
(33, 19, 'member'),
(34, 19, 'member'),
(35, 19, 'member'),
(36, 19, 'member'),
(37, 19, 'member'),
(38, 19, 'member'),
(39, 19, 'member'),
(40, 19, 'member'),
(41, 19, 'member'),
(42, 19, 'member'),
(43, 19, 'member'),
(44, 19, 'member'),
(45, 19, 'member'),
(46, 19, 'member'),
(47, 19, 'member'),
(48, 19, 'member'),
(49, 19, 'member'),
(50, 19, 'member'),
(51, 19, 'member'),
-- Vigésima comunidad (57)
(1, 20, 'moderator'),
(2, 20, 'moderator'),
(3, 20, 'moderator'),
(4, 20, 'moderator'),
(5, 20, 'member'),
(6, 20, 'member'),
(7, 20, 'member'),
(8, 20, 'member'),
(9, 20, 'member'),
(10, 20, 'member'),
(11, 20, 'member'),
(12, 20, 'member'),
(13, 20, 'member'),
(14, 20, 'member'),
(15, 20, 'member'),
(16, 20, 'member'),
(17, 20, 'member'),
(18, 20, 'member'),
(19, 20, 'member'),
(20, 20, 'member'),
(21, 20, 'member'),
(22, 20, 'member'),
(23, 20, 'member'),
(24, 20, 'member'),
(25, 20, 'member'),
(26, 20, 'member'),
(27, 20, 'member'),
(28, 20, 'member'),
(29, 20, 'member'),
(30, 20, 'member'),
(31, 20, 'member'),
(32, 20, 'member'),
(33, 20, 'member'),
(34, 20, 'member'),
(35, 20, 'member'),
(36, 20, 'member'),
(37, 20, 'member'),
(38, 20, 'member'),
(39, 20, 'member'),
(40, 20, 'member'),
(41, 20, 'member'),
(42, 20, 'member'),
(43, 20, 'member'),
(44, 20, 'member'),
(45, 20, 'member'),
(46, 20, 'member'),
(47, 20, 'member'),
(48, 20, 'member'),
(60, 20, 'member'),
(50, 20, 'member'),
(51, 20, 'member'),
(52, 20, 'member'),
(53, 20, 'member'),
(54, 20, 'member'),
(55, 20, 'member'),
(56, 20, 'member'),
(57, 20, 'member'),
-- Vigésima primera comunidad (56)
(1, 21, 'moderator'),
(60, 21, 'member'),
(3, 21, 'member'),
(4, 21, 'member'),
(5, 21, 'member'),
(6, 21, 'member'),
(7, 21, 'member'),
(8, 21, 'member'),
(9, 21, 'member'),
(10, 21, 'member'),
(11, 21, 'member'),
(12, 21, 'member'),
(13, 21, 'member'),
(14, 21, 'member'),
(15, 21, 'member'),
(16, 21, 'member'),
(17, 21, 'member'),
(18, 21, 'member'),
(19, 21, 'member'),
(20, 21, 'member'),
(21, 21, 'member'),
(22, 21, 'member'),
(23, 21, 'member'),
(24, 21, 'member'),
(25, 21, 'member'),
(26, 21, 'member'),
(27, 21, 'member'),
(28, 21, 'member'),
(29, 21, 'member'),
(30, 21, 'member'),
(31, 21, 'member'),
(32, 21, 'member'),
(33, 21, 'member'),
(34, 21, 'member'),
(35, 21, 'member'),
(36, 21, 'member'),
(37, 21, 'member'),
(38, 21, 'member'),
(39, 21, 'member'),
(40, 21, 'member'),
(41, 21, 'member'),
(42, 21, 'member'),
(43, 21, 'member'),
(44, 21, 'member'),
(45, 21, 'member'),
(46, 21, 'member'),
(47, 21, 'member'),
(48, 21, 'member'),
(49, 21, 'member'),
(50, 21, 'member'),
(51, 21, 'member'),
(52, 21, 'member'),
(53, 21, 'member'),
(54, 21, 'member'),
(55, 21, 'member'),
(56, 21, 'member'),
-- Vigésima segunda comunidad (49)
(1, 22, 'moderator'),
(2, 22, 'member'),
(3, 22, 'member'),
(4, 22, 'member'),
(5, 22, 'member'),
(6, 22, 'member'),
(7, 22, 'member'),
(8, 22, 'member'),
(9, 22, 'member'),
(10, 22, 'member'),
(11, 22, 'member'),
(12, 22, 'member'),
(13, 22, 'member'),
(14, 22, 'member'),
(15, 22, 'member'),
(16, 22, 'member'),
(17, 22, 'member'),
(18, 22, 'member'),
(19, 22, 'member'),
(20, 22, 'member'),
(21, 22, 'member'),
(22, 22, 'member'),
(23, 22, 'member'),
(24, 22, 'member'),
(25, 22, 'member'),
(26, 22, 'member'),
(27, 22, 'member'),
(28, 22, 'member'),
(29, 22, 'member'),
(30, 22, 'member'),
(31, 22, 'member'),
(32, 22, 'member'),
(33, 22, 'member'),
(34, 22, 'member'),
(35, 22, 'member'),
(36, 22, 'member'),
(37, 22, 'member'),
(38, 22, 'member'),
(39, 22, 'member'),
(40, 22, 'member'),
(41, 22, 'member'),
(42, 22, 'member'),
(43, 22, 'member'),
(44, 22, 'member'),
(45, 22, 'member'),
(46, 22, 'member'),
(47, 22, 'member'),
(48, 22, 'member'),
(49, 22, 'member'),
-- Vigésima tercera comunidad (44)
(1, 23, 'moderator'),
(2, 23, 'moderator'),
(3, 23, 'member'),
(4, 23, 'member'),
(5, 23, 'member'),
(6, 23, 'member'),
(7, 23, 'member'),
(8, 23, 'member'),
(9, 23, 'member'),
(10, 23, 'member'),
(11, 23, 'member'),
(12, 23, 'member'),
(13, 23, 'member'),
(14, 23, 'member'),
(15, 23, 'member'),
(16, 23, 'member'),
(60, 23, 'member'),
(18, 23, 'member'),
(19, 23, 'member'),
(20, 23, 'member'),
(21, 23, 'member'),
(22, 23, 'member'),
(23, 23, 'member'),
(24, 23, 'member'),
(25, 23, 'member'),
(26, 23, 'member'),
(27, 23, 'member'),
(28, 23, 'member'),
(29, 23, 'member'),
(30, 23, 'member'),
(31, 23, 'member'),
(32, 23, 'member'),
(33, 23, 'member'),
(34, 23, 'member'),
(35, 23, 'member'),
(36, 23, 'member'),
(37, 23, 'member'),
(38, 23, 'member'),
(39, 23, 'member'),
(40, 23, 'member'),
(41, 23, 'member'),
(42, 23, 'member'),
(43, 23, 'member'),
(44, 23, 'member'),
-- Vigésima cuarta comunidad (45)
(1, 24, 'member'),
(2, 24, 'member'),
(3, 24, 'member'),
(4, 24, 'member'),
(5, 24, 'member'),
(6, 24, 'member'),
(7, 24, 'member'),
(8, 24, 'member'),
(9, 24, 'member'),
(10, 24, 'member'),
(11, 24, 'member'),
(12, 24, 'member'),
(13, 24, 'member'),
(14, 24, 'member'),
(15, 24, 'member'),
(16, 24, 'member'),
(17, 24, 'member'),
(18, 24, 'member'),
(19, 24, 'member'),
(20, 24, 'member'),
(21, 24, 'member'),
(22, 24, 'member'),
(23, 24, 'member'),
(24, 24, 'member'),
(25, 24, 'member'),
(26, 24, 'member'),
(27, 24, 'member'),
(28, 24, 'member'),
(29, 24, 'member'),
(30, 24, 'member'),
(31, 24, 'member'),
(32, 24, 'member'),
(33, 24, 'member'),
(34, 24, 'member'),
(35, 24, 'member'),
(36, 24, 'member'),
(37, 24, 'member'),
(38, 24, 'member'),
(39, 24, 'member'),
(40, 24, 'member'),
(41, 24, 'member'),
(42, 24, 'member'),
(60, 24, 'member'),
(44, 24, 'member'),
(45, 24, 'member'),
-- Vigésima quinta comunidad (36)
(1, 25, 'member'),
(2, 25, 'member'),
(3, 25, 'member'),
(4, 25, 'member'),
(5, 25, 'member'),
(6, 25, 'member'),
(7, 25, 'member'),
(8, 25, 'member'),
(9, 25, 'member'),
(10, 25, 'member'),
(11, 25, 'member'),
(12, 25, 'member'),
(13, 25, 'member'),
(14, 25, 'member'),
(15, 25, 'member'),
(16, 25, 'member'),
(17, 25, 'member'),
(18, 25, 'member'),
(19, 25, 'member'),
(20, 25, 'member'),
(21, 25, 'member'),
(22, 25, 'member'),
(23, 25, 'member'),
(24, 25, 'member'),
(25, 25, 'member'),
(60, 25, 'member'),
(27, 25, 'member'),
(28, 25, 'member'),
(29, 25, 'member'),
(30, 25, 'member'),
(31, 25, 'member'),
(32, 25, 'member'),
(33, 25, 'member'),
(34, 25, 'member'),
(35, 25, 'member'),
(36, 25, 'member'),
-- Vigésima sexta comunidad (28)
(1, 26, 'member'),
(2, 26, 'member'),
(3, 26, 'member'),
(4, 26, 'member'),
(5, 26, 'member'),
(6, 26, 'member'),
(7, 26, 'member'),
(8, 26, 'member'),
(9, 26, 'member'),
(10, 26, 'member'),
(11, 26, 'member'),
(12, 26, 'member'),
(13, 26, 'member'),
(14, 26, 'member'),
(15, 26, 'member'),
(16, 26, 'member'),
(17, 26, 'member'),
(18, 26, 'member'),
(19, 26, 'member'),
(20, 26, 'member'),
(21, 26, 'member'),
(22, 26, 'member'),
(23, 26, 'member'),
(24, 26, 'member'),
(25, 26, 'member'),
(26, 26, 'member'),
(27, 26, 'member'),
(28, 26, 'member'),
-- Vigésima séptima comunidad (32)
(1, 27, 'member'),
(2, 27, 'member'),
(3, 27, 'member'),
(4, 27, 'member'),
(5, 27, 'member'),
(6, 27, 'member'),
(7, 27, 'member'),
(8, 27, 'member'),
(9, 27, 'member'),
(10, 27, 'member'),
(60, 27, 'member'),
(12, 27, 'member'),
(13, 27, 'member'),
(14, 27, 'member'),
(15, 27, 'member'),
(16, 27, 'member'),
(17, 27, 'member'),
(18, 27, 'member'),
(19, 27, 'member'),
(20, 27, 'member'),
(21, 27, 'member'),
(22, 27, 'member'),
(23, 27, 'member'),
(24, 27, 'member'),
(25, 27, 'member'),
(26, 27, 'member'),
(27, 27, 'member'),
(28, 27, 'member'),
(29, 27, 'member'),
(30, 27, 'member'),
(31, 27, 'member'),
(32, 27, 'member'),
-- Vigésima octava comunidad (45)
(1, 28, 'moderator'),
(2, 28, 'moderator'),
(3, 28, 'member'),
(4, 28, 'member'),
(5, 28, 'member'),
(6, 28, 'member'),
(7, 28, 'member'),
(8, 28, 'member'),
(9, 28, 'member'),
(10, 28, 'member'),
(11, 28, 'member'),
(12, 28, 'member'),
(13, 28, 'member'),
(14, 28, 'member'),
(15, 28, 'member'),
(16, 28, 'member'),
(17, 28, 'member'),
(18, 28, 'member'),
(19, 28, 'member'),
(20, 28, 'member'),
(21, 28, 'member'),
(22, 28, 'member'),
(23, 28, 'member'),
(24, 28, 'member'),
(25, 28, 'member'),
(26, 28, 'member'),
(27, 28, 'member'),
(28, 28, 'member'),
(29, 28, 'member'),
(30, 28, 'member'),
(31, 28, 'member'),
(32, 28, 'member'),
(33, 28, 'member'),
(34, 28, 'member'),
(60, 28, 'member'),
(36, 28, 'member'),
(37, 28, 'member'),
(38, 28, 'member'),
(39, 28, 'member'),
(40, 28, 'member'),
(41, 28, 'member'),
(42, 28, 'member'),
(43, 28, 'member'),
(44, 28, 'member'),
(45, 28, 'member'),
-- Vigésima novena comunidad (58)
(1, 29, 'moderator'),
(2, 29, 'moderator'),
(3, 29, 'moderator'),
(4, 29, 'member'),
(60, 29, 'member'),
(6, 29, 'member'),
(7, 29, 'member'),
(8, 29, 'member'),
(9, 29, 'member'),
(10, 29, 'member'),
(11, 29, 'member'),
(12, 29, 'member'),
(13, 29, 'member'),
(14, 29, 'member'),
(15, 29, 'member'),
(16, 29, 'member'),
(17, 29, 'member'),
(18, 29, 'member'),
(19, 29, 'member'),
(20, 29, 'member'),
(21, 29, 'member'),
(22, 29, 'member'),
(23, 29, 'member'),
(24, 29, 'member'),
(25, 29, 'member'),
(26, 29, 'member'),
(27, 29, 'member'),
(28, 29, 'member'),
(29, 29, 'member'),
(30, 29, 'member'),
(31, 29, 'member'),
(32, 29, 'member'),
(33, 29, 'member'),
(34, 29, 'member'),
(35, 29, 'member'),
(36, 29, 'member'),
(37, 29, 'member'),
(38, 29, 'member'),
(39, 29, 'member'),
(40, 29, 'member'),
(41, 29, 'member'),
(42, 29, 'member'),
(43, 29, 'member'),
(44, 29, 'member'),
(45, 29, 'member'),
(46, 29, 'member'),
(47, 29, 'member'),
(48, 29, 'member'),
(49, 29, 'member'),
(50, 29, 'member'),
(51, 29, 'member'),
(52, 29, 'member'),
(53, 29, 'member'),
(54, 29, 'member'),
(55, 29, 'member'),
(56, 29, 'member'),
(57, 29, 'member'),
(58, 29, 'member'),
-- Vigésima comunidad (23)
(1, 30, 'member'),
(2, 30, 'member'),
(3, 30, 'member'),
(4, 30, 'member'),
(5, 30, 'member'),
(6, 30, 'member'),
(7, 30, 'member'),
(8, 30, 'member'),
(9, 30, 'member'),
(10, 30, 'member'),
(11, 30, 'member'),
(12, 30, 'member'),
(13, 30, 'member'),
(14, 30, 'member'),
(15, 30, 'member'),
(16, 30, 'member'),
(17, 30, 'member'),
(18, 30, 'member'),
(19, 30, 'member'),
(20, 30, 'member'),
(21, 30, 'member'),
(60, 30, 'member'),
(23, 30, 'member');

-- POSTS
INSERT INTO POSTS (ID, USER_ID, COMMUNITY_ID, CONTENT, IMAGE_URL, CREATED_AT, LIKE_COUNT, COMMENT_COUNT) VALUES
-- Comunidad 1: Jojofans
(1, 1, 1, 'jojos será por siempre mi anime fav y los mangas son igual de chéveres', NULL, '2024-03-16 14:30:00', 2, 1),
(2, 3, 1, 'Joseph Joestar es un genio, la mejor estrategia de todas!', 'https://i.imgur.com/Joestar.jpg', '2024-03-17 15:00:00', 0, 2),
(3, 5, 1, '¿Alguien más también está obsesionado con el Stand de Joseph?', NULL, '2024-03-18 16:00:00', 0, 0),
(4, 7, 1, 'La saga de JoJo es tan única, nada se compara!', 'https://i.imgur.com/JoJoSaga.jpg', '2024-03-19 17:30:00', 1, 0),

-- Comunidad 2: Detectives de tinta
(5, 3, 2, 'Las novelas de detectives son lo mejor, ¿cuál es su favorita?', NULL, '2024-05-23 10:00:00', 2, 2),
(6, 6, 2, 'Me encantan los giros inesperados, el suspenso es lo mío!', 'https://i.imgur.com/Detective.jpg', '2024-05-24 11:45:00', 1, 3),
(7, 9, 2, '¿Alguien ha leído alguna de Agatha Christie?', NULL, '2024-05-25 12:30:00', 0, 0),
(8, 12, 2, 'Lo que me encanta es que los finales siempre me dejan pensando!', 'https://i.imgur.com/Christie.jpg', '2024-05-26 13:15:00', 0, 0),

-- Comunidad 3: Cuentitos mágicos
(9, 2, 3, 'Este mes leí “La Bella Durmiente” y fue maravilloso', NULL, '2024-01-09 17:00:00', 0, 2),
(10, 4, 3, '¿Alguien más adora los cuentos de hadas clásicos?', 'https://i.imgur.com/FairyTales.jpg', '2024-01-10 17:30:00', 1, 0),
(11, 6, 3, 'Quiero recomendarles un cuento encantador que leí recientemente', NULL, '2024-01-12 18:00:00', 2, 0),
(12, 8, 3, '¿Cuál es su cuento favorito de hadas?', 'https://i.imgur.com/HeroesTales.jpg', '2024-01-15 19:30:00', 0, 1),

-- Comunidad 4: Club Austen
(13, 10, 4, 'Jane Austen es la reina del drama romántico', NULL, '2024-07-04 12:00:00', 1, 0),
(14, 12, 4, 'Todo lo que toca Jane Austen se vuelve un clásico', 'https://i.imgur.com/AustenLove.jpg', '2024-07-05 13:00:00', 2, 0),
(15, 14, 4, 'Un maratón de Austen nunca es suficiente', NULL, '2024-07-06 14:30:00', 0, 0),
(16, 16, 4, 'Hoy releí “Orgullo y prejuicio” y me sigue encantando', 'https://i.imgur.com/PrideAndPrejudice.jpg', '2024-07-07 15:45:00', 1, 0),

-- Comunidad 5: Crimen y café
(17, 11, 5, 'A veces un buen thriller es todo lo que necesito', NULL, '2024-02-15 21:00:00', 2, 0),
(18, 13, 5, 'Estoy obsesionado con los giros que nunca vi venir', 'https://i.imgur.com/ThrillerBooks.jpg', '2024-02-16 22:00:00', 4, 2),
(19, 15, 5, '¿Alguien tiene alguna recomendación de thrillers para este fin de semana?', NULL, '2024-02-17 23:30:00', 1, 0),
(20, 17, 5, 'Los libros de crimen me enganchan como nada', 'https://i.imgur.com/CrimeBooks.jpg', '2024-02-18 00:30:00', 2, 0),

-- Comunidad 6: Solo datos reales
(21, 20, 6, 'No puedo dejar de leer biografías, ¿qué me recomiendan?', NULL, '2024-09-11 14:00:00', 1, 0),
(22, 18, 6, 'Me encanta aprender de la historia y de las personas que marcaron la diferencia', 'https://i.imgur.com/HistoryBooks.jpg', '2024-09-12 15:30:00', 0, 0),
(23, 16, 6, 'Cualquier libro de ciencia es un desafío pero también fascinante', NULL, '2024-09-13 16:00:00', 2, 4),
(24, 14, 6, 'Los datos históricos son como piezas de un rompecabezas', 'https://i.imgur.com/HistoryPuzzle.jpg', '2024-09-14 17:45:00', 0, 1),

-- Comunidad 7: Románticxs Anónimxs
(25, 1, 7, 'Las historias de romance siempre me hacen soñar', NULL, '2024-04-29 19:00:00', 0, 1),
(26, 3, 7, 'Las historias intensas y complicadas son mis favoritas', 'https://i.imgur.com/IntenseLove.jpg', '2024-04-30 19:30:00', 2, 0),
(27, 4, 7, 'No puedo dejar de pensar en los finales felices', NULL, '2024-05-01 20:00:00', 0, 0),
(28, 6, 7, '¿Alguien ha leído alguna novela con giros románticos inesperados?', 'https://i.imgur.com/LoveTwists.jpg', '2024-05-02 21:00:00', 2, 0),

-- Comunidad 8: Multiverso manga
(29, 8, 8, '¿Alguien más aquí está obsesionado con el manga de terror?', NULL, '2024-06-17 09:00:00', 0, 2),
(30, 10, 8, 'El manga es mucho más que solo Shonen', 'https://i.imgur.com/MangaTypes.jpg', '2024-06-18 10:30:00', 1, 0),
(31, 12, 8, '¿Quién está leyendo “Chainsaw Man” por aquí?', NULL, '2024-06-19 11:00:00', 0, 0),
(32, 2, 8, '¡El manga es una forma de arte increíble!', 'https://i.imgur.com/ArtOfManga.jpg', '2024-06-20 12:30:00', 1, 0),

-- Comunidad 9: Escuadrón distopía
(33, 14, 9, 'Nada como un buen libro distópico para reflexionar sobre el futuro', NULL, '2024-11-06 16:00:00', 1, 2),
(34, 13, 9, '¿Alguien más lee a George Orwell?', 'https://i.imgur.com/OrwellBooks.jpg', '2024-11-07 17:30:00', 0, 0),
(35, 11, 9, 'La distopía siempre me deja pensando en qué haría yo en ese mundo', NULL, '2024-11-08 18:00:00', 0, 2),
(36, 9, 9, 'La crítica social en los libros distópicos es fascinante', 'https://i.imgur.com/DystopiaCritique.jpg', '2024-11-09 19:15:00', 0, 1),

-- Comunidad 10: Ficción que arde
(37, 2, 10, 'Estos libros son un caos, pero los amo', NULL, '2024-08-21 13:00:00', 1, 0),
(38, 4, 10, 'Las emociones en estos libros me hacen querer lanzarlos por la ventana', 'https://i.imgur.com/EmotionalBooks.jpg', '2024-08-22 14:00:00', 0, 0),
(39, 6, 10, 'Me encanta cómo algunos libros cambian mi perspectiva de todo', NULL, '2024-08-23 15:30:00', 2, 0),
(40, 8, 10, 'La ficción es mi escape favorito', 'https://i.imgur.com/FictionEscape.jpg', '2024-08-24 16:30:00', 1, 0),

-- Comunidad 11: Niños lectores
(41, 21, 11, 'Los libros infantiles son los mejores, siempre me hacen sonreír', NULL, '2024-10-01 10:00:00', 0, 1),
(42, 22, 11, '¿Alguien más adora los cuentos de hadas para niños?', 'https://i.imgur.com/ChildrensTales.jpg', '2024-10-02 11:30:00', 0, 4),
(43, 23, 11, 'Los libros para niños tienen una magia especial', NULL, '2024-10-03 12:45:00', 0, 2),
(44, 24, 11, 'Siempre vuelvo a mis libros infantiles favoritos', 'https://i.imgur.com/FavoriteChildrensBooks.jpg', '2024-10-04 13:30:00', 1, 0),

-- Comunidad 12: Clásicos con café
(45, 1, 12, 'Releer “Don Quijote” siempre es un placer', NULL, '2024-03-31 18:30:00', 2, 3),
(46, 2, 12, '“Orgullo y prejuicio” es el clásico que siempre recomiendo', 'https://i.imgur.com/PrideAndPrejudice.jpg', '2024-04-01 19:00:00', 3, 2),
(47, 3, 12, 'Los clásicos son como un buen café, mejor con el tiempo', NULL, '2024-04-02 20:30:00', 1, 2),
(48, 4, 12, 'Hoy volví a leer “Cumbres Borrascosas”, ¡qué historia tan apasionante!', 'https://i.imgur.com/BrontëBooks.jpg', '2024-04-03 21:15:00', 2, 3),

-- Comunidad 13: Cyberpunkers
(49, 5, 13, '¿Alguien más está esperando el nuevo libro de “Neuromancer”?', NULL, '2024-10-13 14:30:00', 3, 2),
(50, 6, 13, 'Los robots y la inteligencia artificial siempre me intrigan', 'https://i.imgur.com/CyberpunkArt.jpg', '2024-10-14 15:30:00', 2, 1),
(51, 4, 13, '¿Quién más está obsesionado con el futuro oscuro y los chips cerebrales?', NULL, '2024-10-15 16:00:00', 2, 2),
(52, 1, 13, 'El ciberespacio es un tema tan fascinante en la literatura', 'https://i.imgur.com/CyberSpace.jpg', '2024-10-16 17:30:00', 3, 1),

-- Comunidad 14: Audiolectores
(53, 11, 14, '¡Escuchar libros es toda una experiencia!', NULL, '2024-05-08 20:00:00', 3, 3),
(54, 13, 14, 'El audiolibro de “Harry Potter” es el mejor para escuchar en viajes largos', 'https://i.imgur.com/HarryPotterAudiobook.jpg', '2024-05-09 21:00:00', 2, 1),
(55, 15, 14, '¿Cuál es su aplicación favorita para escuchar libros?', NULL, '2024-05-10 22:00:00', 1, 2),
(56, 16, 14, 'Los audiolibros de Stephen King me mantienen al borde del asiento', 'https://i.imgur.com/KingAudiobooks.jpg', '2024-05-11 23:00:00', 3, 3),

-- Comunidad 15: Datos Curiosos
(57, 10, 15, 'Los libros de historia siempre me dejan con más preguntas que respuestas', NULL, '2024-07-26 10:00:00', 2, 3),
(58, 12, 15, 'Cada vez que leo sobre la historia de la humanidad, me sorprendo más', 'https://i.imgur.com/HistoryCuriosities.jpg', '2024-07-27 11:30:00', 3, 2),
(59, 14, 15, '¿Sabías que el cerebro humano no deja de sorprenderme? Es increíble', NULL, '2024-07-28 12:00:00', 1, 1),
(60, 7, 15, 'Un libro de curiosidades sobre la ciencia puede cambiar nuestra forma de ver el mundo', 'https://i.imgur.com/ScienceCuriosities.jpg', '2024-07-29 13:00:00', 2, 2),

-- Comunidad 16: Mangamanía
(61, 25, 16, '¡Estoy atrapado con el manga de “Attack on Titan”!', NULL, '2024-01-21 22:00:00', 2, 3),
(62, 27, 16, '¿Quién más está leyendo “My Hero Academia”?', 'https://i.imgur.com/MHABooks.jpg', '2024-01-22 22:30:00', 3, 2),
(63, 29, 16, 'El manga es arte en su forma más pura', NULL, '2024-01-23 23:00:00', 2, 2),
(64, 31, 16, '¿Alguien ha visto el último capítulo de “Demon Slayer”?', 'https://i.imgur.com/DemonSlayer.jpg', '2024-01-24 00:30:00', 3, 1),

-- Comunidad 17: Poetas del sur
(65, 26, 17, 'La poesía en español tiene una magia única', NULL, '2024-09-19 12:00:00', 3, 2),
(66, 28, 17, 'Hoy escribí un poema inspirado en la luna, ¿quién más escribe poesía?', 'https://i.imgur.com/MoonPoetry.jpg', '2024-09-20 13:00:00', 3, 1),
(67, 30, 17, 'La poesía es mi manera de ver el mundo', NULL, '2024-09-21 14:00:00', 2, 3),
(68, 32, 17, 'La poesía moderna también tiene mucho que ofrecer', 'https://i.imgur.com/ModernPoetry.jpg', '2024-09-22 15:30:00', 2, 2),

-- Comunidad 18: PDF Lovers
(69, 22, 18, 'No hay nada como leer desde mi Kindle, ¡el futuro es digital!', NULL, '2024-04-12 17:00:00', 2, 3),
(70, 24, 18, 'Los eBooks han hecho mi vida mucho más fácil', 'https://i.imgur.com/KindleBooks.jpg', '2024-04-13 18:30:00', 3, 2),
(71, 21, 18, '¿Alguien más usa Audible para escuchar libros mientras hace ejercicio?', NULL, '2024-04-14 19:00:00', 2, 1),
(72, 20, 18, 'Leer en formato digital me ha abierto un mundo de opciones', 'https://i.imgur.com/DigitalReading.jpg', '2024-04-15 20:00:00', 3, 2),

-- Comunidad 19: Historias reales
(73, 30, 19, 'Las historias reales siempre tienen más impacto que la ficción', NULL, '2024-06-30 14:30:00', 3, 2),
(74, 32, 19, 'Los libros biográficos me enseñan tanto sobre la vida humana', 'https://i.imgur.com/BiographicalBooks.jpg', '2024-07-01 15:00:00', 2, 3),
(75, 34, 19, 'Me encanta leer sobre figuras históricas que cambiaron el curso del mundo', NULL, '2024-07-02 16:00:00', 2, 2),
(76, 36, 19, 'Las autobiografías siempre tienen un toque personal tan profundo', 'https://i.imgur.com/AutobiographyBooks.jpg', '2024-07-03 17:00:00', 3, 1),

-- Comunidad 20: Fantasía de tinta
(77, 38, 20, 'Dragones y elfos siempre hacen que la fantasía cobre vida', NULL, '2024-08-07 21:00:00', 3, 3),
(78, 40, 20, 'La magia nunca deja de sorprenderme', 'https://i.imgur.com/FantasyWorlds.jpg', '2024-08-08 22:00:00', 2, 2),
(79, 42, 20, '¡Estoy obsesionado con los libros de fantasía épica!', NULL, '2024-08-09 23:00:00', 3, 1),
(80, 44, 20, 'Hoy terminé otro libro de fantasía que me dejó sin palabras', 'https://i.imgur.com/EpicFantasyBooks.jpg', '2024-08-10 00:30:00', 2, 3),

-- Comunidad 21: BookTok Perú
(81, 39, 21, '¿Quién más ha visto el último libro viral en TikTok? ¡Me encanta la fiebre de BookTok!', NULL, '2024-11-23 16:00:00', 3, 3),
(82, 41, 21, 'El “Club de lectura de BookTok” está rompiendo todo, ¡ya lo estoy leyendo!', 'https://i.imgur.com/BookTokViral.jpg', '2024-11-24 17:00:00', 3, 2),
(83, 43, 21, 'TikTok nos está cambiando la forma de descubrir libros', NULL, '2024-11-25 18:30:00', 2, 2),
(84, 45, 21, '¿Qué opinan de los libros que se vuelven virales de un día para otro en BookTok?', 'https://i.imgur.com/BookTokCommunity.jpg', '2024-11-26 19:30:00', 3, 1),

-- Comunidad 22: Solo novelas gráficas
(85, 46, 22, 'Las novelas gráficas son una mezcla perfecta de arte y literatura', NULL, '2024-02-29 11:00:00', 3, 2),
(86, 48, 22, '¿Alguien ha leído “Sandman”? ¡Es una obra maestra!', 'https://i.imgur.com/SandmanGraphic.jpg', '2024-03-01 12:00:00', 3, 1),
(87, 49, 22, 'Las novelas gráficas siempre tienen esa magia visual que te atrapa', NULL, '2024-03-02 13:00:00', 2, 3),
(88, 39, 22, 'Este fin de semana me voy a sumergir en una nueva novela gráfica', 'https://i.imgur.com/GraphicNovelArt.jpg', '2024-03-03 14:00:00', 2, 2),

-- Comunidad 23: Mini cuenteros
(89, 44, 23, 'Hoy uno de los peques contó una historia sobre dragones y princesas, ¡fue increíble!', NULL, '2024-12-16 19:00:00', 2, 3),
(90, 43, 23, 'Es genial ver cómo los niños se apasionan por los cuentos', 'https://i.imgur.com/ChildStorytelling.jpg', '2024-12-17 20:00:00', 3, 2),
(91, 42, 23, 'Mis hijos aman contar historias antes de dormir, ¿y los suyos?', NULL, '2024-12-18 21:00:00', 2, 2),
(92, 44, 23, '¿Qué historia les gusta más contar a los niños?', 'https://i.imgur.com/BedtimeStories.jpg', '2024-12-19 22:00:00', 3, 1),

-- Comunidad 24: Lectores rebeldes
(93, 36, 24, '¡Lo raro y lo alternativo es lo mejor! ¿Qué libro estás leyendo ahora?', NULL, '2024-05-15 13:30:00', 2, 2),
(94, 17, 24, 'Nada como un buen libro fuera de lo común, me encanta lo alternativo', 'https://i.imgur.com/AlternativeBooks.jpg', '2024-05-16 14:00:00', 2, 1),
(95, 19, 24, 'A veces los libros más extraños son los que más te marcan', NULL, '2024-05-17 15:30:00', 3, 2),
(96, 30, 24, 'Hoy estoy leyendo un libro de ciencia ficción experimental, ¡totalmente raro!', 'https://i.imgur.com/WeirdSciFi.jpg', '2024-05-18 16:00:00', 2, 3),

-- Comunidad 25: Amamos el drama
(97, 12, 25, 'Las novelas de drama me mantienen al borde del asiento, ¡no puedo parar de leer!', NULL, '2024-08-01 15:30:00', 3, 2),
(98, 22, 25, '¿Alguien más disfruta el drama y los giros inesperados en las novelas?', 'https://i.imgur.com/DramaBooks.jpg', '2024-08-02 16:30:00', 2, 2),
(99, 32, 25, '¡Nada como un buen libro dramático para emocionarse y llorar! ¿Cuál recomiendas?', NULL, '2024-08-03 17:00:00', 3, 1),
(100, 2, 25, 'Los conflictos familiares en los libros siempre son tan intensos', 'https://i.imgur.com/FamilyDramaBooks.jpg', '2024-08-04 18:00:00', 2, 3),

-- Comunidad 26: Sabiduría pop
(101, 28, 26, 'La autoayuda siempre tiene algo nuevo que ofrecer', NULL, '2024-09-04 10:00:00', 2, 2),
(102, 25, 26, 'Empecé a leer un libro sobre el poder de la mente, ¡es increíble!', 'https://i.imgur.com/PopSelfHelp.jpg', '2024-09-05 11:00:00', 3, 1),
(103, 23, 26, 'Los libros de desarrollo personal pueden cambiar tu perspectiva', NULL, '2024-09-06 12:00:00', 2, 3),
(104, 21, 26, 'Cada libro de autoayuda me deja algo importante para aplicar en mi vida', 'https://i.imgur.com/SelfHelpBooks.jpg', '2024-09-07 13:00:00', 3, 2),

-- Comunidad 27: Solo ebooks
(105, 9, 27, 'Me encanta leer desde mi Kindle, es mucho más cómodo que un libro físico', NULL, '2024-03-13 17:30:00', 2, 2),
(106, 13, 27, '¡Los ebooks son lo mejor cuando viajas!', 'https://i.imgur.com/KindleReader.jpg', '2024-03-14 18:00:00', 2, 1),
(107, 17, 27, 'Recomiendo mucho la lectura digital, ¡es genial para organizar tu biblioteca!', NULL, '2024-03-15 19:00:00', 3, 1),
(108, 31, 27, 'Estoy leyendo un ebook sobre historia moderna, ¡no puedo dejar de leerlo!', 'https://i.imgur.com/EbookHistory.jpg', '2024-03-16 20:00:00', 3, 2),

-- Comunidad 28: Romance en viñetas
(109, 45, 28, 'Las historias de romance en cómics siempre me dejan suspirando', NULL, '2024-10-29 12:00:00', 3, 2),
(110, 40, 28, 'Hoy estoy leyendo un manga romántico, ¡es tan tierno!', 'https://i.imgur.com/RomanticManga.jpg', '2024-10-30 13:00:00', 3, 1),
(111, 22, 28, 'Las viñetas románticas tienen algo especial que te atrapan', NULL, '2024-10-31 14:00:00', 2, 2),
(112, 28, 28, '¿Quién más ama los cómics de romance dramático? ¡Son lo mejor!', 'https://i.imgur.com/RomanticComics.jpg', '2024-11-01 15:00:00', 3, 1),

-- Comunidad 29: Terror con linterna
(113, 51, 29, 'Las noches de terror con un buen libro siempre son épicas', NULL, '2024-06-19 23:00:00', 3, 3),
(114, 50, 29, '¿Qué libro de terror recomendarían para leer a la medianoche?', 'https://i.imgur.com/NightHorrorBooks.jpg', '2024-06-20 23:30:00', 3, 2),
(115, 52, 29, 'Las historias de terror siempre tienen ese suspenso que te mantiene pegado a las páginas', NULL, '2024-06-21 00:00:00', 2, 3),
(116, 53, 29, '¡Nadie puede resistirse a un buen libro de terror en una noche oscura!', 'https://i.imgur.com/HorrorNight.jpg', '2024-06-22 01:00:00', 3, 2),

-- Comunidad 30: Crush literario
(117, 23, 30, 'Mi crush literario de esta semana es el protagonista de “Cazadores de sombras”', NULL, '2025-01-10 14:00:00', 2, 1),
(118, 60, 30, 'Cada semana tengo un crush diferente dependiendo del libro que lea', 'https://i.imgur.com/LiteraryCrush.jpg', '2025-01-11 15:00:00', 2, 2),
(119, 2, 30, 'Los libros de romance siempre me hacen tener un nuevo crush literario', NULL, '2025-01-12 16:00:00', 3, 1),
(120, 17, 30, 'Este mes estoy obsesionado con un personaje de “La sombra del viento”', 'https://i.imgur.com/LoveLiterary.jpg', '2025-01-13 17:00:00', 2, 2);

-- COMMENTS
INSERT INTO COMMENTS (USER_ID, POST_ID, PARENT_ID, CONTENT, LIKE_COUNT, CREATED_AT) VALUES
-- Comentarios para Post 1 (JoJo fans - USER_ID 1): 1 comentario
(3, 1, NULL, '¡Totalmente de acuerdo! Los Stands son tan creativos', 1, '2024-03-16 15:00:00'),

-- Comentarios para Post 2 (JoJo fans - USER_ID 3): 2 comentarios
(1, 2, NULL, 'Joseph siempre con sus trucos geniales', 2, '2024-03-17 15:30:00'),
(5, 2, NULL, 'Su famosa frase "Your next line is..." es épica', 0, '2024-03-17 16:00:00'),

-- Comentarios para Post 5 (Detectives - USER_ID 3): 2 comentarios
(6, 5, NULL, 'A mí me encanta Hercule Poirot de Agatha Christie', 1, '2024-05-23 11:00:00'),
(9, 5, 4, 'Sí! Los casos de Poirot son brillantes', 2, '2024-05-23 12:00:00'),

-- Comentarios para Post 6 (Detectives - USER_ID 6): 3 comentarios
(3, 6, NULL, '¿Has leído "El asesinato del Orient Express"?', 1, '2024-05-24 12:30:00'),
(12, 6, NULL, 'Los giros de Christie siempre me sorprenden', 0, '2024-05-24 13:00:00'),
(9, 6, 6, '¡Ese libro es una obra maestra del suspense!', 1, '2024-05-24 14:00:00'),

-- Comentarios para Post 9 (Cuentos mágicos - USER_ID 2): 2 comentarios
(4, 9, NULL, 'Los cuentos clásicos nunca pasan de moda', 1, '2024-01-09 18:00:00'),
(6, 9, 9, 'Exacto, tienen una magia especial', 0, '2024-01-09 19:00:00'),

-- Comentarios para Post 12 (Cuentos mágicos - USER_ID 8): 1 comentario
(2, 12, NULL, 'Mi favorito es "La Cenicienta", ¿y el tuyo?', 1, '2024-01-15 20:00:00'),

-- Comentarios para Post 18 (Crimen y café - USER_ID 13): 2 comentarios
(11, 18, NULL, '¡Esos giros inesperados son adictivos!', 2, '2024-02-16 22:30:00'),
(15, 18, 12, 'Sí, cuando no puedes predecir el final es lo mejor', 1, '2024-02-16 23:00:00'),

-- Comentarios para Post 23 (Solo datos reales - USER_ID 16): 4 comentarios
(18, 23, NULL, 'Te recomiendo "Cosmos" de Carl Sagan, es fascinante', 2, '2024-09-13 16:30:00'),
(20, 23, 14, '¡Sagan es increíble! También prueba con "Una breve historia del tiempo"', 1, '2024-09-13 17:00:00'),
(14, 23, NULL, 'Los libros de física cuántica me vuelan la cabeza', 0, '2024-09-13 17:30:00'),
(16, 23, 16, 'Sí, pero cuando empiezas a entender es adictivo', 1, '2024-09-13 18:00:00'),

-- Comentarios para Post 24 (Solo datos reales - USER_ID 14): 1 comentario
(20, 24, NULL, 'Exacto, cada dato histórico cuenta una historia completa', 0, '2024-09-14 18:15:00'),

-- Comentarios para Post 25 (Románticxs Anónimxs - USER_ID 1): 1 comentario
(3, 25, NULL, 'Las historias de amor me hacen creer en los finales felices', 1, '2024-04-29 19:30:00'),

-- Comentarios para Post 29 (Multiverso manga - USER_ID 8): 2 comentarios
(10, 29, NULL, 'Junji Ito es el rey del terror en manga', 1, '2024-06-17 09:30:00'),
(12, 29, 20, '¡Uzumaki me dio pesadillas por semanas!', 2, '2024-06-17 10:00:00'),

-- Comentarios para Post 33 (Escuadrón distopía - USER_ID 14): 2 comentarios
(13, 33, NULL, '"1984" sigue siendo relevante hoy en día', 1, '2024-11-06 16:30:00'),
(11, 33, 22, 'Totalmente, es aterrador lo profético que fue Orwell', 0, '2024-11-06 17:00:00'),

-- Comentarios para Post 35 (Escuadrón distopía - USER_ID 11): 2 comentarios
(14, 35, NULL, 'Yo siempre me pregunto si sería parte de la resistencia', 1, '2024-11-08 18:30:00'),
(9, 35, 24, 'Es fácil decirlo desde la comodidad, pero quién sabe...', 2, '2024-11-08 19:00:00'),

-- Comentarios para Post 36 (Escuadrón distopía - USER_ID 9): 1 comentario
(14, 36, NULL, 'La distopía nos ayuda a entender mejor nuestro presente', 0, '2024-11-09 19:45:00'),

-- Comentarios para Post 41 (Niños lectores - USER_ID 21): 1 comentario
(22, 41, NULL, '¡Totalmente! Me encanta ver a los niños descubrir la lectura', 1, '2024-10-01 10:30:00'),

-- Comentarios para Post 42 (Niños lectores - USER_ID 22): 4 comentarios
(21, 42, NULL, 'Los cuentos de los hermanos Grimm son mis favoritos', 2, '2024-10-02 12:00:00'),
(23, 42, 28, '¡Sí! Aunque a veces dan un poco de miedo', 1, '2024-10-02 12:30:00'),
(24, 42, NULL, 'Me encantan las ilustraciones de los libros infantiles', 0, '2024-10-02 13:00:00'),
(21, 42, 30, 'Las ilustraciones hacen que la historia cobre vida', 1, '2024-10-02 13:30:00'),

-- Comentarios para Post 43 (Niños lectores - USER_ID 23): 2 comentarios
(22, 43, NULL, 'Esa magia especial nunca se pierde, sin importar la edad', 1, '2024-10-03 13:15:00'),
(24, 43, 32, 'Exacto, por eso siempre vuelvo a mis favoritos de la infancia', 0, '2024-10-03 13:45:00'),

-- Comentarios para Post 45 (Clásicos con café - USER_ID 1): 3 comentarios
(2, 45, NULL, 'Cervantes era un genio adelantado a su tiempo', 2, '2024-03-31 19:00:00'),
(3, 45, NULL, '¿Has probado leerlo con café español? Es la experiencia completa', 1, '2024-03-31 19:30:00'),
(4, 45, 35, '¡Qué buena idea! Lo intentaré en mi próxima lectura', 0, '2024-03-31 20:00:00'),

-- Comentarios para Post 46 (Clásicos con café - USER_ID 2): 2 comentarios
(1, 46, NULL, 'Jane Austen nunca pasa de moda', 1, '2024-04-01 19:30:00'),
(3, 46, 37, 'Sus personajes son tan reales que parecen conocidos', 2, '2024-04-01 20:00:00'),

-- Comentarios para Post 47 (Clásicos con café - USER_ID 3): 2 comentarios
(2, 47, NULL, 'Qué buena analogía, los clásicos mejoran con cada relectura', 1, '2024-04-02 21:00:00'),
(4, 47, 39, 'Sí, siempre encuentras detalles que no habías notado antes', 0, '2024-04-02 21:30:00'),

-- Comentarios para Post 48 (Clásicos con café - USER_ID 4): 3 comentarios
(1, 48, NULL, 'Emily Brontë escribió una obra maestra', 2, '2024-04-03 21:45:00'),
(2, 48, NULL, 'La pasión en esa novela es arrolladora', 1, '2024-04-03 22:00:00'),
(3, 48, 42, 'Heathcliff es uno de los personajes más complejos de la literatura', 1, '2024-04-03 22:30:00'),

-- Comentarios para Post 49 (Cyberpunkers - USER_ID 5): 2 comentarios
(6, 49, NULL, 'William Gibson revolucionó la ciencia ficción', 2, '2024-10-13 15:00:00'),
(4, 49, 44, '¡Totalmente! "Neuromancer" cambió mi perspectiva del futuro', 1, '2024-10-13 15:30:00'),

-- Comentarios para Post 50 (Cyberpunkers - USER_ID 6): 1 comentario
(5, 50, NULL, 'La IA en la literatura cyberpunk siempre es fascinante y aterradora', 1, '2024-10-14 16:00:00'),

-- Comentarios para Post 51 (Cyberpunkers - USER_ID 4): 2 comentarios
(1, 51, NULL, 'Los chips cerebrales son el futuro... o nuestra perdición', 1, '2024-10-15 16:30:00'),
(6, 51, 47, 'Es lo que me encanta del cyberpunk, esa dualidad', 2, '2024-10-15 17:00:00'),

-- Comentarios para Post 52 (Cyberpunkers - USER_ID 1): 1 comentario
(5, 52, NULL, 'El ciberespacio de Gibson sigue siendo relevante hoy', 1, '2024-10-16 18:00:00'),

-- Comentarios para Post 53 (Audiolectores - USER_ID 11): 3 comentarios
(13, 53, NULL, 'Los narradores profesionales hacen toda la diferencia', 2, '2024-05-08 20:30:00'),
(15, 53, 50, '¡Exacto! Una buena voz puede mejorar hasta un libro regular', 1, '2024-05-08 21:00:00'),
(16, 53, NULL, 'Escuchar mientras hago ejercicio es lo mejor', 0, '2024-05-08 21:30:00'),

-- Comentarios para Post 54 (Audiolectores - USER_ID 13): 1 comentario
(11, 54, NULL, 'Jim Dale es un narrador increíble para Harry Potter', 1, '2024-05-09 21:30:00'),

-- Comentarios para Post 55 (Audiolectores - USER_ID 15): 2 comentarios
(13, 55, NULL, 'Yo uso Audible, tiene una gran selección', 1, '2024-05-10 22:30:00'),
(16, 55, 54, 'Spotify también tiene buenos audiolibros ahora', 0, '2024-05-10 23:00:00'),

-- Comentarios para Post 56 (Audiolectores - USER_ID 16): 3 comentarios
(11, 56, NULL, 'Stephen King narrado es pura adrenalina', 2, '2024-05-11 23:30:00'),
(13, 56, 56, 'Los libros de terror en audio son otra experiencia', 1, '2024-05-12 00:00:00'),
(15, 56, NULL, '¿Has escuchado "It" completo? Es una odisea', 1, '2024-05-12 00:30:00'),

-- Comentarios para Post 57 (Datos Curiosos - USER_ID 10): 3 comentarios
(12, 57, NULL, 'La historia es un misterio que nunca terminas de resolver', 1, '2024-07-26 10:30:00'),
(14, 57, 59, 'Cada nuevo descubrimiento cambia lo que creíamos saber', 2, '2024-07-26 11:00:00'),
(7, 57, NULL, 'Por eso me encantan los libros de arqueología', 0, '2024-07-26 11:30:00'),

-- Comentarios para Post 58 (Datos Curiosos - USER_ID 12): 2 comentarios
(10, 58, NULL, 'La humanidad es una especie fascinante y contradictoria', 1, '2024-07-27 12:00:00'),
(14, 58, 62, 'Sí, somos capaces de lo mejor y lo peor al mismo tiempo', 1, '2024-07-27 12:30:00'),

-- Comentarios para Post 59 (Datos Curiosos - USER_ID 14): 1 comentario
(10, 59, NULL, 'El cerebro es el órgano más misterioso que tenemos', 1, '2024-07-28 12:30:00'),

-- Comentarios para Post 60 (Datos Curiosos - USER_ID 7): 2 comentarios
(12, 60, NULL, 'Los libros de divulgación científica abren la mente', 2, '2024-07-29 13:30:00'),
(14, 60, 65, 'Totalmente, te hacen ver la belleza en lo cotidiano', 1, '2024-07-29 14:00:00'),

-- Comentarios para Post 61 (Mangamanía - USER_ID 25): 3 comentarios
(27, 61, NULL, 'Eren es un personaje tan complejo, ¡qué final tan impactante!', 5, '2024-01-21 22:15:00'),
(29, 61, NULL, 'Los titanes siempre me dan escalofríos', 2, '2024-01-21 22:30:00'),
(31, 61, 1, '¡Exacto! El desarrollo de Eren es increíble', 3, '2024-01-21 22:45:00'),

-- Comentarios para Post 62 (Mangamanía - USER_ID 27): 2 comentarios
(25, 62, NULL, '¡Yo también! Midoriya es mi héroe favorito', 4, '2024-01-22 23:00:00'),
(29, 62, NULL, 'Plus Ultra! 💪', 1, '2024-01-22 23:15:00'),

-- Comentarios para Post 63 (Mangamanía - USER_ID 29): 2 comentarios
(25, 63, NULL, 'Totalmente de acuerdo, cada viñeta cuenta una historia', 3, '2024-01-23 23:30:00'),
(27, 63, NULL, 'Los mangakas son verdaderos artistas', 2, '2024-01-23 23:45:00'),

-- Comentarios para Post 64 (Mangamanía - USER_ID 31): 1 comentario
(25, 64, NULL, '¡Tanjiro siempre me emociona! Qué técnicas tan épicas', 6, '2024-01-24 01:00:00'),

-- Comentarios para Post 65 (Poetas del sur - USER_ID 26): 2 comentarios
(28, 65, NULL, 'Las palabras en español tienen un ritmo especial', 4, '2024-09-19 12:30:00'),
(30, 65, NULL, 'Neruda y Lorca siguen siendo mis favoritos', 3, '2024-09-19 13:00:00'),

-- Comentarios para Post 66 (Poetas del sur - USER_ID 28): 3 comentarios
(26, 66, NULL, '¡Qué hermoso! Me encantaría leer tu poema', 5, '2024-09-20 13:30:00'),
(30, 66, NULL, 'La luna siempre inspira las mejores líneas', 2, '2024-09-20 14:00:00'),
(32, 66, 11, 'Comparte el poema por favor! 🌙', 1, '2024-09-20 14:15:00'),

-- Comentarios para Post 67 (Poetas del sur - USER_ID 30): 2 comentarios
(26, 67, NULL, 'La poesía nos conecta con nuestras emociones más profundas', 3, '2024-09-21 14:30:00'),
(28, 67, NULL, 'Exactamente, es como ver el mundo con otros ojos', 4, '2024-09-21 15:00:00'),

-- Comentarios para Post 68 (Poetas del sur - USER_ID 32): 1 comentario
(26, 68, NULL, 'Los poetas contemporáneos también tienen voces muy potentes', 2, '2024-09-22 16:00:00'),

-- Comentarios para Post 69 (PDF Lovers - USER_ID 22): 2 comentarios
(24, 69, NULL, '¡Totalmente! Puedo llevar miles de libros en un solo dispositivo', 3, '2024-04-12 17:30:00'),
(21, 69, NULL, 'Y la función de búsqueda es genial para investigar', 2, '2024-04-12 18:00:00'),

-- Comentarios para Post 70 (PDF Lovers - USER_ID 24): 3 comentarios
(22, 70, NULL, 'Poder ajustar el tamaño de letra es mi función favorita', 4, '2024-04-13 19:00:00'),
(20, 70, NULL, 'Y no ocupan espacio físico en casa', 1, '2024-04-13 19:30:00'),
(21, 70, 19, 'Sí! Especialmente útil para la vista cansada', 3, '2024-04-13 20:00:00'),

-- Comentarios para Post 71 (PDF Lovers - USER_ID 21): 2 comentarios
(22, 71, NULL, '¡Yo también uso Audible! Es perfecto para el gym', 5, '2024-04-14 19:30:00'),
(24, 71, NULL, 'Multitasking al máximo: ejercicio + lectura', 2, '2024-04-14 20:00:00'),

-- Comentarios para Post 72 (PDF Lovers - USER_ID 20): 1 comentario
(22, 72, NULL, 'Los libros digitales democratizaron tanto la lectura', 3, '2024-04-15 20:30:00'),

-- Comentarios para Post 73 (Historias reales - USER_ID 30): 3 comentarios
(32, 73, NULL, 'La realidad supera cualquier imaginación', 4, '2024-06-30 15:00:00'),
(34, 73, NULL, 'Los testimonios reales te marcan para siempre', 3, '2024-06-30 15:30:00'),
(36, 73, 25, '¡Exacto! Hay historias increíbles por contar', 2, '2024-06-30 16:00:00'),

-- Comentarios para Post 74 (Historias reales - USER_ID 32): 2 comentarios
(30, 74, NULL, 'Las biografías me ayudan a entender mejor la historia', 5, '2024-07-01 15:30:00'),
(34, 74, NULL, '¿Cuál es la biografía que más te ha impactado?', 1, '2024-07-01 16:00:00'),

-- Comentarios para Post 75 (Historias reales - USER_ID 34): 2 comentarios
(30, 75, NULL, 'Churchill y Gandhi son fascinantes de leer', 3, '2024-07-02 16:30:00'),
(32, 75, NULL, 'Cada época tiene sus personajes transformadores', 4, '2024-07-02 17:00:00'),

-- Comentarios para Post 76 (Historias reales - USER_ID 36): 1 comentario
(30, 76, NULL, 'La honestidad brutal de las autobiografías es única', 2, '2024-07-03 17:30:00'),

-- Comentarios para Post 77 (Fantasía de tinta - USER_ID 38): 3 comentarios
(40, 77, NULL, '¡Los dragones de Smaug siguen siendo épicos!', 6, '2024-08-07 21:30:00'),
(42, 77, NULL, 'Y los elfos de Tolkien son tan elegantes', 2, '2024-08-07 22:00:00'),
(44, 77, 33, 'Smaug es el mejor dragón de la literatura', 4, '2024-08-07 22:15:00'),

-- Comentarios para Post 78 (Fantasía de tinta - USER_ID 40): 2 comentarios
(38, 78, NULL, 'Los sistemas de magia bien construidos son arte', 5, '2024-08-08 22:30:00'),
(42, 78, NULL, 'Brandon Sanderson es el maestro de la magia', 3, '2024-08-08 23:00:00'),

-- Comentarios para Post 79 (Fantasía de tinta - USER_ID 42): 2 comentarios
(38, 79, NULL, '¿Cuál fue el último que leíste?', 1, '2024-08-09 23:30:00'),
(40, 79, NULL, 'La fantasía épica nunca pasa de moda', 4, '2024-08-09 23:45:00'),

-- Comentarios para Post 80 (Fantasía de tinta - USER_ID 44): 1 comentario
(38, 80, NULL, '¡Necesito recomendaciones! Comparte el título', 3, '2024-08-10 01:00:00'),

-- Comentarios para Post 81 (BookTok Perú - USER_ID 39): 3 comentarios
(41, 81, NULL, '¡BookTok está revolucionando la lectura!', 7, '2024-11-23 16:30:00'),
(43, 81, NULL, 'Los algoritmos nos conocen demasiado bien 😅', 4, '2024-11-23 17:00:00'),
(45, 81, 41, 'Descubrí tantos libros geniales por TikTok', 5, '2024-11-23 17:30:00'),

-- Comentarios para Post 82 (BookTok Perú - USER_ID 41): 2 comentarios
(39, 82, NULL, '¡Yo también lo tengo en mi lista de pendientes!', 3, '2024-11-24 17:30:00'),
(43, 82, NULL, 'Los BookTokkers tienen buen ojo para recomendar', 2, '2024-11-24 18:00:00'),

-- Comentarios para Post 83 (BookTok Perú - USER_ID 43): 2 comentarios
(39, 83, NULL, 'Antes dependíamos de reseñas en blogs', 4, '2024-11-25 19:00:00'),
(41, 83, NULL, 'Ahora un video de 30 segundos nos convence', 6, '2024-11-25 19:30:00'),

-- Comentarios para Post 84 (BookTok Perú - USER_ID 45): 1 comentario
(39, 84, NULL, 'A veces los libros viral no son tan buenos', 2, '2024-11-26 20:00:00'),

-- Comentarios para Post 85 (Solo novelas gráficas - USER_ID 46): 2 comentarios
(48, 85, NULL, 'El arte secuencial es una forma narrativa única', 5, '2024-02-29 11:30:00'),
(49, 85, NULL, 'Las novelas gráficas merecen más reconocimiento', 3, '2024-02-29 12:00:00'),

-- Comentarios para Post 86 (Solo novelas gráficas - USER_ID 48): 3 comentarios
(46, 86, NULL, '¡Neil Gaiman es un genio! Sandman es épico', 8, '2024-03-01 12:30:00'),
(49, 86, NULL, 'Los sueños cobran vida de manera increíble', 4, '2024-03-01 13:00:00'),
(39, 86, 51, 'Death es mi personaje favorito del universo', 6, '2024-03-01 13:30:00'),

-- Comentarios para Post 87 (Solo novelas gráficas - USER_ID 49): 2 comentarios
(46, 87, NULL, 'El arte complementa perfectamente la historia', 3, '2024-03-02 13:30:00'),
(48, 87, NULL, 'Es literatura con un lenguaje visual propio', 4, '2024-03-02 14:00:00'),

-- Comentarios para Post 88 (Solo novelas gráficas - USER_ID 39): 1 comentario
(46, 88, NULL, '¡Comparte después qué tal estuvo!', 2, '2024-03-03 14:30:00'),

-- Comentarios para Post 89 (Mini cuenteros - USER_ID 44): 3 comentarios
(43, 89, NULL, '¡Los niños tienen una imaginación increíble!', 6, '2024-12-16 19:30:00'),
(42, 89, NULL, 'Mi hija también ama las historias de princesas', 4, '2024-12-16 20:00:00'),
(44, 89, 57, 'Deberíamos grabar algunas de sus historias', 3, '2024-12-16 20:15:00'),

-- Comentarios para Post 90 (Mini cuenteros - USER_ID 43): 2 comentarios
(44, 90, NULL, 'Ver sus caritas cuando cuentan es lo más tierno', 5, '2024-12-17 20:30:00'),
(42, 90, NULL, 'Los cuentos desarrollan su creatividad tanto', 3, '2024-12-17 21:00:00'),

-- Comentarios para Post 91 (Mini cuenteros - USER_ID 42): 2 comentarios
(44, 91, NULL, 'Los míos inventan aventuras con sus juguetes', 4, '2024-12-18 21:30:00'),
(43, 91, NULL, 'Es el mejor momento del día para conectar', 2, '2024-12-18 22:00:00'),

-- Comentarios para Post 92 (Mini cuenteros - USER_ID 44): 1 comentario
(42, 92, NULL, 'A mi hijo le encantan las aventuras de piratas', 3, '2024-12-19 22:30:00'),

-- Comentarios para Post 93 (Lectores rebeldes - USER_ID 36): 2 comentarios
(17, 93, NULL, 'Acabo de terminar un libro de realismo mágico bizarro', 4, '2024-05-15 14:00:00'),
(19, 93, NULL, '¡Comparte el título! Me encantan las rarezas', 2, '2024-05-15 14:30:00'),

-- Comentarios para Post 94 (Lectores rebeldes - USER_ID 17): 3 comentarios
(36, 94, NULL, 'Los libros mainstream me aburren totalmente', 3, '2024-05-16 14:30:00'),
(19, 94, NULL, 'Busco autores que rompan todas the reglas', 5, '2024-05-16 15:00:00'),
(30, 94, 67, 'A veces lo raro es lo más auténtico', 4, '2024-05-16 15:15:00'),

-- Comentarios para Post 95 (Lectores rebeldes - USER_ID 19): 2 comentarios
(36, 95, NULL, 'Los libros experimentales cambian tu perspectiva', 6, '2024-05-17 16:00:00'),
(17, 95, NULL, 'Kafka sigue siendo el rey de lo extraño', 3, '2024-05-17 16:30:00'),

-- Comentarios para Post 96 (Lectores rebeldes - USER_ID 30): 1 comentario
(17, 96, NULL, '¡Philip K. Dick es mi debilidad! ¿De qué autor es?', 4, '2024-05-18 16:30:00'),

-- Comentarios para Post 97 (Amamos el drama - USER_ID 12): 3 comentarios
(22, 97, NULL, '¡Los plot twists me matan de emoción!', 7, '2024-08-01 16:00:00'),
(32, 97, NULL, 'Necesito tissues siempre que leo drama', 5, '2024-08-01 16:30:00'),
(2, 97, 73, 'Los giros inesperados son adictivos', 4, '2024-08-01 17:00:00'),

-- Comentarios para Post 98 (Amamos el drama - USER_ID 22): 2 comentarios
(12, 98, NULL, 'Me encantan cuando los personajes sufren (literariamente)', 3, '2024-08-02 17:00:00'),
(32, 98, NULL, 'El drama bien escrito es catártico', 6, '2024-08-02 17:30:00'),

-- Comentarios para Post 99 (Amamos el drama - USER_ID 32): 2 comentarios
(12, 99, NULL, 'Khaled Hosseini siempre me hace llorar', 8, '2024-08-03 17:30:00'),
(22, 99, NULL, 'Y Jodi Picoult con sus dilemas morales', 4, '2024-08-03 18:00:00'),

-- Comentarios para Post 100 (Amamos el drama - USER_ID 2): 1 comentario
(12, 100, NULL, 'Los secretos familiares son los más devastadores', 5, '2024-08-04 18:30:00'),

-- Comentarios para comunidad 26 (Vigésima sexta comunidad)
(3, 1, NULL, 'Excelente contenido, muy útil para la comunidad', 5, '2024-03-15 10:30:00'),
(8, 1, NULL, 'Gracias por compartir esta información', 2, '2024-03-15 11:00:00'),
(15, 1, 1, 'Totalmente de acuerdo con tu comentario', 1, '2024-03-15 11:30:00'),

-- Post 2 de la comunidad 26 (asumiendo autor USER_ID 5)
(12, 2, NULL, 'Me parece una perspectiva interesante', 3, '2024-03-16 09:15:00'),
(20, 2, NULL, 'Podrías elaborar más sobre este tema?', 1, '2024-03-16 10:00:00'),
(25, 2, 4, 'Sí, es una forma diferente de verlo', 2, '2024-03-16 10:45:00'),

-- Comentarios para comunidad 27 (Vigésima séptima comunidad)
(10, 3, NULL, 'Esto es exactamente lo que necesitaba saber', 4, '2024-03-17 14:20:00'),
(60, 3, NULL, 'Muy bien explicado, felicitaciones', 6, '2024-03-17 15:00:00'),
(18, 3, 7, 'Me ayudó mucho también, gracias por preguntar', 0, '2024-03-17 15:30:00'),

-- Post 4 de la comunidad 27 (asumiendo autor USER_ID 15)
(7, 4, NULL, 'Interesante propuesta, qué opinas del punto 3?', 2, '2024-03-18 08:45:00'),
(22, 4, NULL, 'Creo que hay algunos aspectos que podrían mejorarse', 1, '2024-03-18 09:30:00'),
(29, 4, 10, 'El punto 3 es el más controversial, pero tiene sentido', 3, '2024-03-18 10:15:00'),

-- Comentarios para comunidad 28 (Vigésima octava comunidad)
(1, 5, NULL, 'Como moderador, agradezco este tipo de contenido', 8, '2024-03-19 13:00:00'),
(12, 5, NULL, 'Muy educativo, lo compartiré con mis amigos', 3, '2024-03-19 14:00:00'),
(25, 5, 13, 'Los moderadores siempre aportan valor a la comunidad', 4, '2024-03-19 14:30:00'),
(60, 5, 14, 'Yo también lo voy a compartir!', 1, '2024-03-19 15:00:00'),

-- Post 6 de la comunidad 28 (asumiendo autor USER_ID 8)
(2, 6, NULL, 'Desde la moderación apoyamos esta iniciativa', 5, '2024-03-20 11:20:00'),
(35, 6, NULL, 'Qué buena idea, cómo podemos participar?', 2, '2024-03-20 12:00:00'),
(42, 6, 17, 'Es genial ver el apoyo de los moderadores', 6, '2024-03-20 12:30:00'),
(45, 6, 18, 'Yo también quiero saber cómo participar', 1, '2024-03-20 13:00:00'),

-- Comentarios para comunidad 29 (Vigésima novena comunidad)
(1, 7, NULL, 'Excelente análisis, muy detallado', 7, '2024-03-21 16:45:00'),
(15, 7, NULL, 'Me gustaría ver más contenido como este', 4, '2024-03-21 17:15:00'),
(30, 7, 21, 'Los moderadores siempre tienen las mejores perspectivas', 3, '2024-03-21 17:45:00'),
(60, 7, 22, 'Estoy de acuerdo, necesitamos más posts así', 2, '2024-03-21 18:15:00'),

-- Post 8 de la comunidad 29 (asumiendo autor USER_ID 12)
(2, 8, NULL, 'Como moderador, encuentro esto muy relevante', 9, '2024-03-22 09:30:00'),
(20, 8, NULL, 'Podrías profundizar en la segunda parte?', 1, '2024-03-22 10:00:00'),
(38, 8, NULL, 'Increíble trabajo de investigación', 5, '2024-03-22 10:30:00'),
(45, 8, 25, 'Es bueno ver moderadores tan involucrados', 4, '2024-03-22 11:00:00'),
(52, 8, 26, 'Sí, estaría bien una segunda parte', 2, '2024-03-22 11:30:00'),

-- Post 9 de la comunidad 29 (asumiendo autor USER_ID 25)
(3, 9, NULL, 'Desde la moderación valoramos este aporte', 6, '2024-03-23 14:15:00'),
(35, 9, NULL, 'Muy útil para nuevos miembros', 3, '2024-03-23 15:00:00'),
(48, 9, 30, 'Los moderadores hacen un gran trabajo', 5, '2024-03-23 15:30:00'),
(55, 9, 31, 'Perfecto para orientar a los nuevos', 1, '2024-03-23 16:00:00'),

-- Comentarios para comunidad 30 (Vigésima comunidad)
(2, 10, NULL, 'Contenido de calidad, gracias por compartir', 4, '2024-03-24 12:20:00'),
(15, 10, NULL, 'Me parece un enfoque muy acertado', 2, '2024-03-24 13:00:00'),
(60, 10, 34, 'Siempre encuentro valor en estos posts', 3, '2024-03-24 13:30:00'),

-- Post 11 de la comunidad 30 (asumiendo autor USER_ID 12)
(5, 11, NULL, 'Interesante punto de vista, no lo había considerado', 1, '2024-03-25 10:45:00'),
(18, 11, NULL, 'Esto me da una nueva perspectiva', 2, '2024-03-25 11:15:00'),
(23, 11, 37, 'Es bueno ver diferentes enfoques', 1, '2024-03-25 11:45:00'),

-- Comentarios adicionales con más interacciones anidadas
(8, 12, NULL, 'Este tema siempre genera debate interesante', 5, '2024-03-26 08:30:00'),
(14, 12, NULL, 'No estoy completamente de acuerdo con algunos puntos', 3, '2024-03-26 09:00:00'),
(22, 12, 40, 'Sí, es un tema que divide opiniones', 2, '2024-03-26 09:30:00'),
(28, 12, 41, 'Podrías explicar cuáles puntos específicamente?', 1, '2024-03-26 10:00:00'),
(35, 12, 42, 'Exactamente, por eso es importante discutirlo', 4, '2024-03-26 10:30:00'),
(14, 12, 43, 'Principalmente el punto sobre la implementación', 2, '2024-03-26 11:00:00'),

-- Comentarios con menciones al user_id 60 (que aparece en varias comunidades)
(60, 13, NULL, 'Gracias por incluirme en tantas comunidades', 8, '2024-03-27 16:00:00'),
(5, 13, 46, 'Es genial verte participando en todas partes', 3, '2024-03-27 16:30:00'),
(12, 13, 46, 'Tu participación enriquece las discusiones', 5, '2024-03-27 17:00:00'),

-- Comentarios finales con diferentes niveles de engagement
(25, 14, NULL, 'Resumen perfecto de todo lo discutido', 6, '2024-03-28 19:45:00'),
(60, 14, 49, 'Sí, captura todos los puntos importantes', 4, '2024-03-28 20:15:00');


INSERT INTO LIKES (USER_ID, LIKEABLE_ID, LIKEABLE_TYPE) VALUES

-- LIKES PARA POSTS --

-- Post 1 (USER_ID: 1, COMMUNITY_ID: 1, LIKE_COUNT: 2)
(3, 1, 'post'),  -- Usuario 3 es miembro de comunidad 1
(5, 1, 'post'),  -- Usuario 5 es miembro de comunidad 1

-- Post 2 (USER_ID: 3, COMMUNITY_ID: 1, LIKE_COUNT: 0) - Sin likes

-- Post 3 (USER_ID: 5, COMMUNITY_ID: 1, LIKE_COUNT: 0) - Sin likes

-- Post 4 (USER_ID: 7, COMMUNITY_ID: 1, LIKE_COUNT: 1)
(2, 4, 'post'),  -- Usuario 2 es miembro de comunidad 1

-- Post 5 (USER_ID: 3, COMMUNITY_ID: 2, LIKE_COUNT: 2)
(6, 5, 'post'),  -- Usuario 6 es miembro de comunidad 2
(9, 5, 'post'),  -- Usuario 9 es miembro de comunidad 2

-- Post 6 (USER_ID: 6, COMMUNITY_ID: 2, LIKE_COUNT: 1)
(3, 6, 'post'),  -- Usuario 3 es miembro de comunidad 2

-- Post 7 (USER_ID: 9, COMMUNITY_ID: 2, LIKE_COUNT: 0) - Sin likes

-- Post 8 (USER_ID: 12, COMMUNITY_ID: 2, LIKE_COUNT: 0) - Sin likes

-- Post 9 (USER_ID: 2, COMMUNITY_ID: 3, LIKE_COUNT: 0) - Sin likes

-- Post 10 (USER_ID: 4, COMMUNITY_ID: 3, LIKE_COUNT: 1)
(6, 10, 'post'), -- Usuario 6 es miembro de comunidad 3

-- Post 11 (USER_ID: 6, COMMUNITY_ID: 3, LIKE_COUNT: 2)
(2, 11, 'post'), -- Usuario 2 es miembro de comunidad 3
(8, 11, 'post'), -- Usuario 8 es miembro de comunidad 3

-- Post 12 (USER_ID: 8, COMMUNITY_ID: 3, LIKE_COUNT: 0) - Sin likes

-- Post 13 (USER_ID: 10, COMMUNITY_ID: 4, LIKE_COUNT: 1)
(12, 13, 'post'), -- Usuario 12 es miembro de comunidad 4

-- Post 14 (USER_ID: 12, COMMUNITY_ID: 4, LIKE_COUNT: 2)
(10, 14, 'post'), -- Usuario 10 es miembro de comunidad 4
(14, 14, 'post'), -- Usuario 14 es miembro de comunidad 4

-- Post 15 (USER_ID: 14, COMMUNITY_ID: 4, LIKE_COUNT: 0) - Sin likes

-- Post 16 (USER_ID: 16, COMMUNITY_ID: 4, LIKE_COUNT: 1)
(18, 16, 'post'), -- Usuario 18 es miembro de comunidad 4

-- Post 17 (USER_ID: 11, COMMUNITY_ID: 5, LIKE_COUNT: 2)
(13, 17, 'post'), -- Usuario 13 es miembro de comunidad 5
(15, 17, 'post'), -- Usuario 15 es miembro de comunidad 5

-- Post 18 (USER_ID: 13, COMMUNITY_ID: 5, LIKE_COUNT: 4)
(11, 18, 'post'), -- Usuario 11 es miembro de comunidad 5
(15, 18, 'post'), -- Usuario 15 es miembro de comunidad 5
(17, 18, 'post'), -- Usuario 17 es miembro de comunidad 5
(3, 18, 'post'),  -- Usuario 3 es miembro de comunidad 5

-- Post 19 (USER_ID: 15, COMMUNITY_ID: 5, LIKE_COUNT: 1)
(11, 19, 'post'), -- Usuario 11 es miembro de comunidad 5

-- Post 20 (USER_ID: 17, COMMUNITY_ID: 5, LIKE_COUNT: 2)
(13, 20, 'post'), -- Usuario 13 es miembro de comunidad 5
(15, 20, 'post'), -- Usuario 15 es miembro de comunidad 5

-- Post 21 (USER_ID: 20, COMMUNITY_ID: 6, LIKE_COUNT: 1)
(18, 21, 'post'), -- Usuario 18 es miembro de comunidad 6

-- Post 22 (USER_ID: 18, COMMUNITY_ID: 6, LIKE_COUNT: 0) - Sin likes

-- Post 23 (USER_ID: 16, COMMUNITY_ID: 6, LIKE_COUNT: 2)
(14, 23, 'post'), -- Usuario 14 es miembro de comunidad 6
(20, 23, 'post'), -- Usuario 20 es miembro de comunidad 6

-- Post 24 (USER_ID: 14, COMMUNITY_ID: 6, LIKE_COUNT: 0) - Sin likes

-- Post 25 (USER_ID: 1, COMMUNITY_ID: 7, LIKE_COUNT: 0) - Sin likes

-- Post 26 (USER_ID: 3, COMMUNITY_ID: 7, LIKE_COUNT: 2)
(4, 26, 'post'),  -- Usuario 4 es miembro de comunidad 7
(6, 26, 'post'),  -- Usuario 6 es miembro de comunidad 7

-- Post 27 (USER_ID: 4, COMMUNITY_ID: 7, LIKE_COUNT: 0) - Sin likes

-- Post 28 (USER_ID: 6, COMMUNITY_ID: 7, LIKE_COUNT: 2)
(3, 28, 'post'),  -- Usuario 3 es miembro de comunidad 7
(8, 28, 'post'),  -- Usuario 8 es miembro de comunidad 7

-- Post 29 (USER_ID: 8, COMMUNITY_ID: 8, LIKE_COUNT: 0) - Sin likes

-- Post 30 (USER_ID: 10, COMMUNITY_ID: 8, LIKE_COUNT: 1)
(12, 30, 'post'), -- Usuario 12 es miembro de comunidad 8

-- Post 31 (USER_ID: 12, COMMUNITY_ID: 8, LIKE_COUNT: 0) - Sin likes

-- Post 32 (USER_ID: 2, COMMUNITY_ID: 8, LIKE_COUNT: 1)
(8, 32, 'post'),  -- Usuario 8 es miembro de comunidad 8

-- Post 33 (USER_ID: 14, COMMUNITY_ID: 9, LIKE_COUNT: 1)
(13, 33, 'post'), -- Usuario 13 es miembro de comunidad 9

-- Post 34 (USER_ID: 13, COMMUNITY_ID: 9, LIKE_COUNT: 0) - Sin likes

-- Post 35 (USER_ID: 11, COMMUNITY_ID: 9, LIKE_COUNT: 0) - Sin likes

-- Post 36 (USER_ID: 9, COMMUNITY_ID: 9, LIKE_COUNT: 0) - Sin likes

-- Post 37 (USER_ID: 2, COMMUNITY_ID: 10, LIKE_COUNT: 1)
(4, 37, 'post'),  -- Usuario 4 es miembro de comunidad 10

-- Post 38 (USER_ID: 4, COMMUNITY_ID: 10, LIKE_COUNT: 0) - Sin likes

-- Post 39 (USER_ID: 6, COMMUNITY_ID: 10, LIKE_COUNT: 2)
(2, 39, 'post'),  -- Usuario 2 es miembro de comunidad 10
(8, 39, 'post'),  -- Usuario 8 es miembro de comunidad 10

-- Post 40 (USER_ID: 8, COMMUNITY_ID: 10, LIKE_COUNT: 1)
(6, 40, 'post');  -- Usuario 6 es miembro de comunidad 10

-- LIKES TABLE INSERTS - PARTE 2
-- LIKES PARA COMMENTS

INSERT INTO LIKES (USER_ID, LIKEABLE_ID, LIKEABLE_TYPE) VALUES

-- LIKES PARA COMENTARIOS --

-- Comment ID 1 (USER_ID: 3, POST_ID: 1, LIKE_COUNT: 1)
(5, 1, 'comment'),  -- Usuario 5 es miembro de comunidad 1

-- Comment ID 2 (USER_ID: 1, POST_ID: 2, LIKE_COUNT: 2)
(3, 2, 'comment'),  -- Usuario 3 es miembro de comunidad 1
(7, 2, 'comment'),  -- Usuario 7 es miembro de comunidad 1

-- Comment ID 3 (USER_ID: 5, POST_ID: 2, LIKE_COUNT: 0) - Sin likes

-- Comment ID 4 (USER_ID: 6, POST_ID: 5, LIKE_COUNT: 1)
(9, 4, 'comment'),  -- Usuario 9 es miembro de comunidad 2

-- Comment ID 5 (USER_ID: 9, POST_ID: 5, LIKE_COUNT: 2)
(3, 5, 'comment'),  -- Usuario 3 es miembro de comunidad 2
(12, 5, 'comment'), -- Usuario 12 es miembro de comunidad 2

-- Comment ID 6 (USER_ID: 3, POST_ID: 6, LIKE_COUNT: 1)
(6, 6, 'comment'),  -- Usuario 6 es miembro de comunidad 2

-- Comment ID 7 (USER_ID: 12, POST_ID: 6, LIKE_COUNT: 0) - Sin likes

-- Comment ID 8 (USER_ID: 9, POST_ID: 6, LIKE_COUNT: 1)
(3, 8, 'comment'),  -- Usuario 3 es miembro de comunidad 2

-- Comment ID 9 (USER_ID: 4, POST_ID: 9, LIKE_COUNT: 1)
(6, 9, 'comment'),  -- Usuario 6 es miembro de comunidad 3

-- Comment ID 10 (USER_ID: 6, POST_ID: 9, LIKE_COUNT: 0) - Sin likes

-- Comment ID 11 (USER_ID: 2, POST_ID: 12, LIKE_COUNT: 1)
(8, 11, 'comment'), -- Usuario 8 es miembro de comunidad 3

-- Comment ID 12 (USER_ID: 11, POST_ID: 18, LIKE_COUNT: 2)
(13, 12, 'comment'), -- Usuario 13 es miembro de comunidad 5
(15, 12, 'comment'), -- Usuario 15 es miembro de comunidad 5

-- Comment ID 13 (USER_ID: 15, POST_ID: 18, LIKE_COUNT: 1)
(17, 13, 'comment'), -- Usuario 17 es miembro de comunidad 5

-- Comment ID 14 (USER_ID: 18, POST_ID: 23, LIKE_COUNT: 2)
(16, 14, 'comment'), -- Usuario 16 es miembro de comunidad 6
(20, 14, 'comment'), -- Usuario 20 es miembro de comunidad 6

-- Comment ID 15 (USER_ID: 20, POST_ID: 23, LIKE_COUNT: 1)
(18, 15, 'comment'), -- Usuario 18 es miembro de comunidad 6

-- Comment ID 16 (USER_ID: 14, POST_ID: 23, LIKE_COUNT: 0) - Sin likes

-- Comment ID 17 (USER_ID: 16, POST_ID: 23, LIKE_COUNT: 1)
(14, 17, 'comment'), -- Usuario 14 es miembro de comunidad 6

-- Comment ID 18 (USER_ID: 20, POST_ID: 24, LIKE_COUNT: 0) - Sin likes

-- Comment ID 19 (USER_ID: 3, POST_ID: 25, LIKE_COUNT: 1)
(4, 19, 'comment'),  -- Usuario 4 es miembro de comunidad 7

-- Comment ID 20 (USER_ID: 10, POST_ID: 29, LIKE_COUNT: 1)
(8, 20, 'comment'),  -- Usuario 8 es miembro de comunidad 8

-- Comment ID 21 (USER_ID: 12, POST_ID: 29, LIKE_COUNT: 2)
(10, 21, 'comment'), -- Usuario 10 es miembro de comunidad 8
(2, 21, 'comment'),  -- Usuario 2 es miembro de comunidad 8

-- Comment ID 22 (USER_ID: 13, POST_ID: 33, LIKE_COUNT: 1)
(14, 22, 'comment'), -- Usuario 14 es miembro de comunidad 9

-- Comment ID 23 (USER_ID: 11, POST_ID: 33, LIKE_COUNT: 0) - Sin likes

-- Comment ID 24 (USER_ID: 14, POST_ID: 35, LIKE_COUNT: 1)
(13, 24, 'comment'), -- Usuario 13 es miembro de comunidad 9

-- Comment ID 25 (USER_ID: 9, POST_ID: 35, LIKE_COUNT: 2)
(11, 25, 'comment'), -- Usuario 11 es miembro de comunidad 9
(14, 25, 'comment'); -- Usuario 14 es miembro de comunidad 9

-- Comment ID 26 (USER_ID: 14, POST_ID: 36, LIKE_COUNT: 0) - Sin likes

INSERT INTO LIKES (USER_ID, LIKEABLE_ID, LIKEABLE_TYPE) VALUES

-- LIKES PARA POSTS --

-- Post 41 (USER_ID: 21, COMMUNITY_ID: 11, LIKE_COUNT: 0) - Sin likes

-- Post 42 (USER_ID: 22, COMMUNITY_ID: 11, LIKE_COUNT: 0) - Sin likes

-- Post 43 (USER_ID: 23, COMMUNITY_ID: 11, LIKE_COUNT: 0) - Sin likes

-- Post 44 (USER_ID: 24, COMMUNITY_ID: 11, LIKE_COUNT: 1)
(21, 44, 'post'),  -- Usuario 21 es miembro de comunidad 11

-- Post 45 (USER_ID: 1, COMMUNITY_ID: 12, LIKE_COUNT: 2)
(2, 45, 'post'),  -- Usuario 2 es miembro de comunidad 12
(3, 45, 'post'),  -- Usuario 3 es miembro de comunidad 12

-- Post 46 (USER_ID: 2, COMMUNITY_ID: 12, LIKE_COUNT: 3)
(1, 46, 'post'),  -- Usuario 1 es miembro de comunidad 12
(3, 46, 'post'),  -- Usuario 3 es miembro de comunidad 12
(4, 46, 'post'),  -- Usuario 4 es miembro de comunidad 12

-- Post 47 (USER_ID: 3, COMMUNITY_ID: 12, LIKE_COUNT: 1)
(2, 47, 'post'),  -- Usuario 2 es miembro de comunidad 12

-- Post 48 (USER_ID: 4, COMMUNITY_ID: 12, LIKE_COUNT: 2)
(1, 48, 'post'),  -- Usuario 1 es miembro de comunidad 12
(2, 48, 'post'),  -- Usuario 2 es miembro de comunidad 12

-- Post 49 (USER_ID: 5, COMMUNITY_ID: 13, LIKE_COUNT: 3)
(1, 49, 'post'),  -- Usuario 1 es miembro de comunidad 13
(4, 49, 'post'),  -- Usuario 4 es miembro de comunidad 13
(6, 49, 'post'),  -- Usuario 6 es miembro de comunidad 13

-- Post 50 (USER_ID: 6, COMMUNITY_ID: 13, LIKE_COUNT: 2)
(4, 50, 'post'),  -- Usuario 4 es miembro de comunidad 13
(5, 50, 'post'),  -- Usuario 5 es miembro de comunidad 13

-- Post 51 (USER_ID: 4, COMMUNITY_ID: 13, LIKE_COUNT: 2)
(1, 51, 'post'),  -- Usuario 1 es miembro de comunidad 13
(6, 51, 'post'),  -- Usuario 6 es miembro de comunidad 13

-- Post 52 (USER_ID: 1, COMMUNITY_ID: 13, LIKE_COUNT: 3)
(4, 52, 'post'),  -- Usuario 4 es miembro de comunidad 13
(5, 52, 'post'),  -- Usuario 5 es miembro de comunidad 13
(6, 52, 'post'),  -- Usuario 6 es miembro de comunidad 13

-- Post 53 (USER_ID: 11, COMMUNITY_ID: 14, LIKE_COUNT: 3)  
(13, 53, 'post'),  -- Usuario 13 es miembro de comunidad 14
(15, 53, 'post'),  -- Usuario 15 es miembro de comunidad 14
(16, 53, 'post'),  -- Usuario 16 es miembro de comunidad 14

-- Post 54 (USER_ID: 13, COMMUNITY_ID: 14, LIKE_COUNT: 2)
(11, 54, 'post'),  -- Usuario 11 es miembro de comunidad 14
(15, 54, 'post'),  -- Usuario 15 es miembro de comunidad 14

-- Post 55 (USER_ID: 15, COMMUNITY_ID: 14, LIKE_COUNT: 1)
(13, 55, 'post'),  -- Usuario 13 es miembro de comunidad 14

-- Post 56 (USER_ID: 16, COMMUNITY_ID: 14, LIKE_COUNT: 3)
(11, 56, 'post'),  -- Usuario 11 es miembro de comunidad 14
(13, 56, 'post'),  -- Usuario 13 es miembro de comunidad 14
(15, 56, 'post'),  -- Usuario 15 es miembro de comunidad 14

-- Post 57 (USER_ID: 10, COMMUNITY_ID: 15, LIKE_COUNT: 2)
(12, 57, 'post'),  -- Usuario 12 es miembro de comunidad 15
(14, 57, 'post'),  -- Usuario 14 es miembro de comunidad 15

-- Post 58 (USER_ID: 12, COMMUNITY_ID: 15, LIKE_COUNT: 3)
(1, 58, 'post'),   -- Usuario 1 es moderador de comunidad 15
(10, 58, 'post'),  -- Usuario 10 es miembro de comunidad 15
(14, 58, 'post'),  -- Usuario 14 es miembro de comunidad 15

-- Post 59 (USER_ID: 14, COMMUNITY_ID: 15, LIKE_COUNT: 1)
(10, 59, 'post'),  -- Usuario 10 es miembro de comunidad 15

-- Post 60 (USER_ID: 7, COMMUNITY_ID: 15, LIKE_COUNT: 2)
(12, 60, 'post'),  -- Usuario 12 es miembro de comunidad 15
(14, 60, 'post'),  -- Usuario 14 es miembro de comunidad 15

-- Post 61 (USER_ID: 25, COMMUNITY_ID: 16, LIKE_COUNT: 2)
(27, 61, 'post'),  -- Usuario 27 es miembro de comunidad 16
(29, 61, 'post'),  -- Usuario 29 es miembro de comunidad 16

-- Post 62 (USER_ID: 27, COMMUNITY_ID: 16, LIKE_COUNT: 3)
(25, 62, 'post'),  -- Usuario 25 es miembro de comunidad 16
(29, 62, 'post'),  -- Usuario 29 es miembro de comunidad 16
(31, 62, 'post'),  -- Usuario 31 es miembro de comunidad 16

-- Post 63 (USER_ID: 29, COMMUNITY_ID: 16, LIKE_COUNT: 2)
(25, 63, 'post'),  -- Usuario 25 es miembro de comunidad 16
(27, 63, 'post'),  -- Usuario 27 es miembro de comunidad 16

-- Post 64 (USER_ID: 31, COMMUNITY_ID: 16, LIKE_COUNT: 3)
(25, 64, 'post'),  -- Usuario 25 es miembro de comunidad 16
(27, 64, 'post'),  -- Usuario 27 es miembro de comunidad 16
(29, 64, 'post'),  -- Usuario 29 es miembro de comunidad 16

-- Post 65 (USER_ID: 26, COMMUNITY_ID: 17, LIKE_COUNT: 3)
(28, 65, 'post'),  -- Usuario 28 es miembro de comunidad 17
(30, 65, 'post'),  -- Usuario 30 es miembro de comunidad 17
(32, 65, 'post'),  -- Usuario 32 es miembro de comunidad 17

-- Post 66 (USER_ID: 28, COMMUNITY_ID: 17, LIKE_COUNT: 3)
(26, 66, 'post'),  -- Usuario 26 es miembro de comunidad 17
(30, 66, 'post'),  -- Usuario 30 es miembro de comunidad 17
(32, 66, 'post'),  -- Usuario 32 es miembro de comunidad 17

-- Post 67 (USER_ID: 30, COMMUNITY_ID: 17, LIKE_COUNT: 2)
(26, 67, 'post'),  -- Usuario 26 es miembro de comunidad 17
(28, 67, 'post'),  -- Usuario 28 es miembro de comunidad 17

-- Post 68 (USER_ID: 32, COMMUNITY_ID: 17, LIKE_COUNT: 2)
(26, 68, 'post'),  -- Usuario 26 es miembro de comunidad 17
(28, 68, 'post'),  -- Usuario 28 es miembro de comunidad 17

-- Post 69 (USER_ID: 22, COMMUNITY_ID: 18, LIKE_COUNT: 2)
(21, 69, 'post'),  -- Usuario 21 es miembro de comunidad 18
(24, 69, 'post'),  -- Usuario 24 es miembro de comunidad 18

-- Post 70 (USER_ID: 24, COMMUNITY_ID: 18, LIKE_COUNT: 3)
(20, 70, 'post'),  -- Usuario 20 es miembro de comunidad 18
(21, 70, 'post'),  -- Usuario 21 es miembro de comunidad 18
(22, 70, 'post'),  -- Usuario 22 es miembro de comunidad 18

-- Post 71 (USER_ID: 21, COMMUNITY_ID: 18, LIKE_COUNT: 2)
(22, 71, 'post'),  -- Usuario 22 es miembro de comunidad 18
(24, 71, 'post'),  -- Usuario 24 es miembro de comunidad 18

-- Post 72 (USER_ID: 20, COMMUNITY_ID: 18, LIKE_COUNT: 3)
(21, 72, 'post'),  -- Usuario 21 es miembro de comunidad 18
(22, 72, 'post'),  -- Usuario 22 es miembro de comunidad 18
(24, 72, 'post'),  -- Usuario 24 es miembro de comunidad 18

-- Post 73 (USER_ID: 30, COMMUNITY_ID: 19, LIKE_COUNT: 3)
(32, 73, 'post'),  -- Usuario 32 es miembro de comunidad 19
(34, 73, 'post'),  -- Usuario 34 es miembro de comunidad 19
(36, 73, 'post'),  -- Usuario 36 es miembro de comunidad 19

-- Post 74 (USER_ID: 32, COMMUNITY_ID: 19, LIKE_COUNT: 2)
(30, 74, 'post'),  -- Usuario 30 es miembro de comunidad 19
(34, 74, 'post'),  -- Usuario 34 es miembro de comunidad 19

-- Post 75 (USER_ID: 34, COMMUNITY_ID: 19, LIKE_COUNT: 2)
(30, 75, 'post'),  -- Usuario 30 es miembro de comunidad 19
(32, 75, 'post'),  -- Usuario 32 es miembro de comunidad 19

-- Post 76 (USER_ID: 36, COMMUNITY_ID: 19, LIKE_COUNT: 3)
(30, 76, 'post'),  -- Usuario 30 es miembro de comunidad 19
(32, 76, 'post'),  -- Usuario 32 es miembro de comunidad 19
(34, 76, 'post'),  -- Usuario 34 es miembro de comunidad 19

-- LIKES PARA COMENTARIOS --

-- Comentarios del Post 41
(23, 22, 'comment'),  -- Comment ID 22 tiene 1 like

-- Comentarios del Post 42
(24, 21, 'comment'),  -- Comment ID 21 tiene 2 likes
(22, 21, 'comment'),
(21, 23, 'comment'),  -- Comment ID 23 tiene 1 like
-- Comment ID 24 tiene 0 likes
(24, 30, 'comment'),  -- Comment ID 30 tiene 1 like

-- Comentarios del Post 43
(23, 32, 'comment'),  -- Comment ID 32 tiene 1 like
-- Comment ID 36 tiene 0 likes

-- Comentarios del Post 45
(3, 35, 'comment'),   -- Comment ID 35 tiene 2 likes
(4, 35, 'comment'),
(2, 37, 'comment'),   -- Comment ID 37 tiene 1 like
-- Comment ID 39 tiene 0 likes

-- Comentarios del Post 46
(2, 39, 'comment'),   -- Comment ID 39 tiene 1 like
(1, 37, 'comment'),   -- Comment ID 37 tiene 2 likes
(4, 37, 'comment'),

-- Comentarios del Post 47
(3, 39, 'comment'),   -- Comment ID 39 tiene 1 like
-- Comment ID 42 tiene 0 likes

-- Comentarios del Post 48
(2, 42, 'comment'),   -- Comment ID 42 tiene 2 likes
(3, 42, 'comment'),
(4, 44, 'comment'),   -- Comment ID 44 tiene 1 like
(1, 47, 'comment'),   -- Comment ID 47 tiene 1 like

-- Comentarios del Post 49
(5, 44, 'comment'),   -- Comment ID 44 tiene 2 likes
(1, 44, 'comment'),
(6, 47, 'comment'),   -- Comment ID 47 tiene 1 like

-- Comentarios del Post 50
(4, 50, 'comment'),   -- Comment ID 50 tiene 1 like

-- Comentarios del Post 51
(6, 47, 'comment'),   -- Comment ID 47 tiene 1 like
(1, 50, 'comment'),   -- Comment ID 50 tiene 2 likes
(4, 50, 'comment'),

-- Comentarios del Post 52
(6, 54, 'comment'),   -- Comment ID 54 tiene 1 like

-- Comentarios del Post 53
(15, 50, 'comment'),  -- Comment ID 50 tiene 2 likes
(16, 50, 'comment'),
(11, 54, 'comment'),  -- Comment ID 54 tiene 1 like
-- Comment ID 56 tiene 0 likes

-- Comentarios del Post 54
(13, 56, 'comment'),  -- Comment ID 56 tiene 1 like

-- Comentarios del Post 55
(15, 54, 'comment'),  -- Comment ID 54 tiene 1 like
-- Comment ID 59 tiene 0 likes

-- Comentarios del Post 56
(13, 56, 'comment'),  -- Comment ID 56 tiene 2 likes
(15, 56, 'comment'),
(16, 59, 'comment'),  -- Comment ID 59 tiene 1 like
(11, 62, 'comment'),  -- Comment ID 62 tiene 1 like

-- Comentarios del Post 57
(14, 59, 'comment'),  -- Comment ID 59 tiene 1 like
(7, 62, 'comment'),   -- Comment ID 62 tiene 2 likes
(12, 62, 'comment'),
-- Comment ID 65 tiene 0 likes

-- Comentarios del Post 58
(12, 62, 'comment'),  -- Comment ID 62 tiene 1 like
(10, 65, 'comment'),  -- Comment ID 65 tiene 1 like

-- Comentarios del Post 59
(14, 65, 'comment'),  -- Comment ID 65 tiene 1 like

-- Comentarios del Post 60
(14, 65, 'comment'),  -- Comment ID 65 tiene 2 likes
(7, 65, 'comment'),
(12, 1, 'comment'),   -- Comment ID 1 tiene 1 like

-- Comentarios del Post 61
(29, 1, 'comment'),   -- Comment ID 1 tiene 5 likes
(31, 1, 'comment'),
(25, 1, 'comment'),
(27, 1, 'comment'),
(26, 1, 'comment'),
(27, 3, 'comment'),   -- Comment ID 3 tiene 2 likes
(29, 3, 'comment'),
(25, 11, 'comment'),  -- Comment ID 11 tiene 3 likes
(27, 11, 'comment'),
(31, 11, 'comment'),

-- Comentarios del Post 62
(27, 11, 'comment'),  -- Comment ID 11 tiene 4 likes
(29, 11, 'comment'),
(31, 11, 'comment'),
(25, 11, 'comment'),
(29, 19, 'comment'),  -- Comment ID 19 tiene 1 like

-- Comentarios del Post 63
(27, 19, 'comment'),  -- Comment ID 19 tiene 3 likes
(29, 19, 'comment'),
(31, 19, 'comment'),
(25, 25, 'comment'),  -- Comment ID 25 tiene 2 likes
(29, 25, 'comment'),

-- Comentarios del Post 64
(27, 25, 'comment'),  -- Comment ID 25 tiene 6 likes
(29, 25, 'comment'),
(31, 25, 'comment'),
(26, 25, 'comment'),
(28, 25, 'comment'),
(30, 25, 'comment'),

-- Comentarios del Post 65
(30, 28, 'comment'),  -- Comment ID 28 tiene 4 likes
(32, 28, 'comment'),
(26, 28, 'comment'),
(28, 28, 'comment'),
(26, 30, 'comment'),  -- Comment ID 30 tiene 3 likes
(28, 30, 'comment'),
(32, 30, 'comment'),

-- Comentarios del Post 66
(28, 30, 'comment'),  -- Comment ID 30 tiene 5 likes
(30, 30, 'comment'),
(32, 30, 'comment'),
(26, 30, 'comment'),
(25, 30, 'comment'),
(30, 32, 'comment'),  -- Comment ID 32 tiene 2 likes
(26, 32, 'comment'),
(28, 36, 'comment'),  -- Comment ID 36 tiene 1 like

-- Comentarios del Post 67
(28, 36, 'comment'),  -- Comment ID 36 tiene 3 likes
(30, 36, 'comment'),
(32, 36, 'comment'),
(26, 39, 'comment'),  -- Comment ID 39 tiene 4 likes
(30, 39, 'comment'),
(32, 39, 'comment'),
(25, 39, 'comment'),

-- Comentarios del Post 68
(28, 42, 'comment'),  -- Comment ID 42 tiene 2 likes
(30, 42, 'comment'),

-- Comentarios del Post 69
(22, 42, 'comment'),  -- Comment ID 42 tiene 3 likes
(20, 42, 'comment'),
(24, 42, 'comment'),
(24, 44, 'comment'),  -- Comment ID 44 tiene 2 likes
(21, 44, 'comment'),

-- Comentarios del Post 70
(21, 47, 'comment'),  -- Comment ID 47 tiene 4 likes
(22, 47, 'comment'),
(24, 47, 'comment'),
(20, 47, 'comment'),
(22, 50, 'comment'),  -- Comment ID 50 tiene 1 like
(20, 54, 'comment'),  -- Comment ID 54 tiene 3 likes
(22, 54, 'comment'),
(24, 54, 'comment'),

-- Comentarios del Post 71
(21, 56, 'comment'),  -- Comment ID 56 tiene 5 likes
(24, 56, 'comment'),
(20, 56, 'comment'),
(19, 56, 'comment'),
(18, 56, 'comment'),
(22, 59, 'comment'),  -- Comment ID 59 tiene 2 likes
(20, 59, 'comment'),

-- Comentarios del Post 72
(21, 62, 'comment'),  -- Comment ID 62 tiene 3 likes
(24, 62, 'comment'),
(20, 62, 'comment'),

-- Comentarios del Post 73
(34, 65, 'comment'),  -- Comment ID 65 tiene 4 likes
(36, 65, 'comment'),
(30, 65, 'comment'),
(32, 65, 'comment'),
(32, 1, 'comment'),   -- Comment ID 1 tiene 3 likes
(34, 1, 'comment'),
(36, 1, 'comment'),
(30, 11, 'comment'),  -- Comment ID 11 tiene 2 likes
(34, 11, 'comment'),

-- Comentarios del Post 74
(32, 19, 'comment'),  -- Comment ID 19 tiene 5 likes
(34, 19, 'comment'),
(36, 19, 'comment'),
(30, 19, 'comment'),
(35, 19, 'comment'),
(36, 25, 'comment'),  -- Comment ID 25 tiene 1 like

-- Comentarios del Post 75
(32, 28, 'comment'),  -- Comment ID 28 tiene 3 likes
(34, 28, 'comment'),
(36, 28, 'comment'),
(30, 30, 'comment'),  -- Comment ID 30 tiene 4 likes
(34, 30, 'comment'),
(36, 30, 'comment'),
(35, 30, 'comment'),

-- Comentarios del Post 76
(32, 32, 'comment');  -- Comment ID 32 tiene 2 likes
(34, 32, 'comment');

INSERT INTO LIKES (USER_ID, LIKEABLE_ID, LIKEABLE_TYPE) VALUES

-- LIKES PARA POSTS --

-- Post 77 (Fantasía de tinta - USER_ID 38, LIKE_COUNT: 3)
(40, 77, 'post'), -- Miembro activo de la comunidad
(42, 77, 'post'), -- Comenta frecuentemente
(44, 77, 'post'), -- Usuario que comenta en el post

-- Post 78 (Fantasía de tinta - USER_ID 40, LIKE_COUNT: 2)
(38, 78, 'post'), -- Intercambio de likes entre usuarios activos
(42, 78, 'post'), -- Usuario que comenta en el post

-- Post 79 (Fantasía de tinta - USER_ID 42, LIKE_COUNT: 3)
(38, 79, 'post'), -- Usuario que comenta
(40, 79, 'post'), -- Usuario que comenta
(44, 79, 'post'), -- Miembro de la comunidad

-- Post 80 (Fantasía de tinta - USER_ID 44, LIKE_COUNT: 2)
(38, 80, 'post'), -- Usuario que comenta
(40, 80, 'post'), -- Miembro activo

-- Post 81 (BookTok Perú - USER_ID 39, LIKE_COUNT: 3)
(41, 81, 'post'), -- Usuario que comenta
(43, 81, 'post'), -- Usuario que comenta
(45, 81, 'post'), -- Usuario que comenta

-- Post 82 (BookTok Perú - USER_ID 41, LIKE_COUNT: 3)
(39, 82, 'post'), -- Usuario que comenta
(43, 82, 'post'), -- Usuario que comenta
(45, 82, 'post'), -- Miembro de la comunidad

-- Post 83 (BookTok Perú - USER_ID 43, LIKE_COUNT: 2)
(39, 83, 'post'), -- Usuario que comenta
(41, 83, 'post'), -- Usuario que comenta

-- Post 84 (BookTok Perú - USER_ID 45, LIKE_COUNT: 3)
(39, 84, 'post'), -- Usuario que comenta
(41, 84, 'post'), -- Miembro activo
(43, 84, 'post'), -- Miembro activo

-- Post 85 (Solo novelas gráficas - USER_ID 46, LIKE_COUNT: 3)
(48, 85, 'post'), -- Usuario que comenta
(49, 85, 'post'), -- Usuario que comenta
(39, 85, 'post'), -- Miembro de la comunidad

-- Post 86 (Solo novelas gráficas - USER_ID 48, LIKE_COUNT: 3)
(46, 86, 'post'), -- Usuario que comenta
(49, 86, 'post'), -- Usuario que comenta
(39, 86, 'post'), -- Usuario que comenta

-- Post 87 (Solo novelas gráficas - USER_ID 49, LIKE_COUNT: 2)
(46, 87, 'post'), -- Usuario que comenta
(48, 87, 'post'), -- Usuario que comenta

-- Post 88 (Solo novelas gráficas - USER_ID 39, LIKE_COUNT: 2)
(46, 88, 'post'), -- Usuario que comenta
(48, 88, 'post'), -- Miembro activo

-- Post 89 (Mini cuenteros - USER_ID 44, LIKE_COUNT: 2)
(43, 89, 'post'), -- Usuario que comenta
(42, 89, 'post'), -- Usuario que comenta

-- Post 90 (Mini cuenteros - USER_ID 43, LIKE_COUNT: 3)
(44, 90, 'post'), -- Usuario que comenta
(42, 90, 'post'), -- Usuario que comenta
(41, 90, 'post'), -- Miembro de la comunidad

-- Post 91 (Mini cuenteros - USER_ID 42, LIKE_COUNT: 2)
(44, 91, 'post'), -- Usuario que comenta
(43, 91, 'post'), -- Usuario que comenta

-- Post 92 (Mini cuenteros - USER_ID 44, LIKE_COUNT: 3)
(42, 92, 'post'), -- Usuario que comenta
(43, 92, 'post'), -- Miembro activo
(41, 92, 'post'), -- Miembro de la comunidad

-- Post 93 (Lectores rebeldes - USER_ID 36, LIKE_COUNT: 2)
(17, 93, 'post'), -- Usuario que comenta
(19, 93, 'post'), -- Usuario que comenta

-- Post 94 (Lectores rebeldes - USER_ID 17, LIKE_COUNT: 2)
(36, 94, 'post'), -- Usuario que comenta
(19, 94, 'post'), -- Usuario que comenta

-- Post 95 (Lectores rebeldes - USER_ID 19, LIKE_COUNT: 3)
(36, 95, 'post'), -- Usuario que comenta
(17, 95, 'post'), -- Usuario que comenta
(30, 95, 'post'), -- Miembro de la comunidad

-- Post 96 (Lectores rebeldes - USER_ID 30, LIKE_COUNT: 2)
(17, 96, 'post'), -- Usuario que comenta
(36, 96, 'post'), -- Miembro activo

-- Post 97 (Amamos el drama - USER_ID 12, LIKE_COUNT: 3)
(22, 97, 'post'), -- Usuario que comenta
(32, 97, 'post'), -- Usuario que comenta
(2, 97, 'post'), -- Usuario que comenta

-- Post 98 (Amamos el drama - USER_ID 22, LIKE_COUNT: 2)
(12, 98, 'post'), -- Usuario que comenta
(32, 98, 'post'), -- Usuario que comenta

-- Post 99 (Amamos el drama - USER_ID 32, LIKE_COUNT: 3)
(12, 99, 'post'), -- Usuario que comenta
(22, 99, 'post'), -- Usuario que comenta
(25, 99, 'post'), -- Miembro de la comunidad

-- Post 100 (Amamos el drama - USER_ID 2, LIKE_COUNT: 2)
(12, 100, 'post'), -- Usuario que comenta
(22, 100, 'post'), -- Miembro activo

-- Post 101 (Sabiduría pop - USER_ID 28, LIKE_COUNT: 2)
(25, 101, 'post'), -- Miembro de la comunidad
(23, 101, 'post'), -- Miembro de la comunidad

-- Post 102 (Sabiduría pop - USER_ID 25, LIKE_COUNT: 3)
(28, 102, 'post'), -- Usuario del post anterior
(23, 102, 'post'), -- Miembro de la comunidad
(21, 102, 'post'), -- Miembro de la comunidad

-- Post 103 (Sabiduría pop - USER_ID 23, LIKE_COUNT: 2)
(28, 103, 'post'), -- Miembro de la comunidad
(25, 103, 'post'), -- Miembro de la comunidad

-- Post 104 (Sabiduría pop - USER_ID 21, LIKE_COUNT: 3)
(28, 104, 'post'), -- Miembro de la comunidad
(25, 104, 'post'), -- Miembro de la comunidad
(23, 104, 'post'), -- Miembro de la comunidad

-- Post 105 (Solo ebooks - USER_ID 9, LIKE_COUNT: 2)
(13, 105, 'post'), -- Miembro de la comunidad
(17, 105, 'post'), -- Miembro de la comunidad

-- Post 106 (Solo ebooks - USER_ID 13, LIKE_COUNT: 2)
(9, 106, 'post'), -- Usuario del post anterior
(17, 106, 'post'), -- Miembro de la comunidad

-- Post 107 (Solo ebooks - USER_ID 17, LIKE_COUNT: 3)
(9, 107, 'post'), -- Miembro de la comunidad
(13, 107, 'post'), -- Miembro de la comunidad
(31, 107, 'post'), -- Miembro de la comunidad

-- Post 108 (Solo ebooks - USER_ID 31, LIKE_COUNT: 3)
(9, 108, 'post'), -- Miembro de la comunidad
(13, 108, 'post'), -- Miembro de la comunidad
(17, 108, 'post'), -- Miembro de la comunidad

-- Post 109 (Romance en viñetas - USER_ID 45, LIKE_COUNT: 3)
(40, 109, 'post'), -- Miembro de la comunidad
(22, 109, 'post'), -- Miembro de la comunidad
(28, 109, 'post'), -- Miembro de la comunidad

-- Post 110 (Romance en viñetas - USER_ID 40, LIKE_COUNT: 3)
(45, 110, 'post'), -- Usuario del post anterior
(22, 110, 'post'), -- Miembro de la comunidad
(28, 110, 'post'), -- Miembro de la comunidad

-- Post 111 (Romance en viñetas - USER_ID 22, LIKE_COUNT: 2)
(45, 111, 'post'), -- Miembro de la comunidad
(40, 111, 'post'), -- Miembro de la comunidad

-- Post 112 (Romance en viñetas - USER_ID 28, LIKE_COUNT: 3)
(45, 112, 'post'), -- Miembro de la comunidad
(40, 112, 'post'), -- Miembro de la comunidad
(22, 112, 'post'), -- Miembro de la comunidad

-- Post 113 (Terror con linterna - USER_ID 51, LIKE_COUNT: 3)
(50, 113, 'post'), -- Miembro de la comunidad
(52, 113, 'post'), -- Miembro de la comunidad
(53, 113, 'post'), -- Miembro de la comunidad

-- Post 114 (Terror con linterna - USER_ID 50, LIKE_COUNT: 3)
(51, 114, 'post'), -- Usuario del post anterior
(52, 114, 'post'), -- Miembro de la comunidad
(53, 114, 'post'), -- Miembro de la comunidad

-- Post 115 (Terror con linterna - USER_ID 52, LIKE_COUNT: 2)
(51, 115, 'post'), -- Miembro de la comunidad
(50, 115, 'post'), -- Miembro de la comunidad

-- Post 116 (Terror con linterna - USER_ID 53, LIKE_COUNT: 3)
(51, 116, 'post'), -- Miembro de la comunidad
(50, 116, 'post'), -- Miembro de la comunidad
(52, 116, 'post'), -- Miembro de la comunidad

-- Post 117 (Crush literario - USER_ID 23, LIKE_COUNT: 2)
(60, 117, 'post'), -- Miembro de la comunidad
(2, 117, 'post'), -- Miembro de la comunidad

-- Post 118 (Crush literario - USER_ID 60, LIKE_COUNT: 2)
(23, 118, 'post'), -- Usuario del post anterior
(2, 118, 'post'), -- Miembro de la comunidad

-- Post 119 (Crush literario - USER_ID 2, LIKE_COUNT: 3)
(23, 119, 'post'), -- Miembro de la comunidad
(60, 119, 'post'), -- Miembro de la comunidad
(17, 119, 'post'), -- Miembro de la comunidad

-- Post 120 (Crush literario - USER_ID 17, LIKE_COUNT: 2)
(23, 120, 'post'), -- Miembro de la comunidad
(60, 120, 'post'), -- Miembro de la comunidad

-- LIKES PARA COMENTARIOS --

-- Comentarios del Post 77 (Fantasía de tinta)
(38, 40, 'comment'), -- Like al primer comentario
(44, 40, 'comment'), -- Otro like al primer comentario
(40, 42, 'comment'), -- Like al segundo comentario
(38, 44, 'comment'), -- Like al comentario anidado

-- Comentarios del Post 78 (Fantasía de tinta)
(40, 38, 'comment'), -- Like al primer comentario
(42, 38, 'comment'), -- Otro like
(38, 42, 'comment'), -- Like al segundo comentario

-- Comentarios del Post 79 (Fantasía de tinta)
(42, 38, 'comment'), -- Like al primer comentario
(38, 40, 'comment'), -- Like al segundo comentario

-- Comentarios del Post 80 (Fantasía de tinta)
(44, 38, 'comment'), -- Like al comentario
(40, 38, 'comment'), -- Otro like

-- Comentarios del Post 81 (BookTok Perú)
(39, 41, 'comment'), -- Like al primer comentario
(45, 41, 'comment'), -- Otro like
(41, 43, 'comment'), -- Like al segundo comentario
(39, 45, 'comment'), -- Like al comentario anidado

-- Comentarios del Post 82 (BookTok Perú)
(41, 39, 'comment'), -- Like al primer comentario
(39, 43, 'comment'), -- Like al segundo comentario

-- Comentarios del Post 83 (BookTok Perú)
(43, 39, 'comment'), -- Like al primer comentario
(39, 41, 'comment'), -- Like al segundo comentario

-- Comentarios del Post 84 (BookTok Perú)
(45, 39, 'comment'), -- Like al comentario

-- Comentarios del Post 85 (Solo novelas gráficas)
(46, 48, 'comment'), -- Like al primer comentario
(48, 49, 'comment'), -- Like al segundo comentario

-- Comentarios del Post 86 (Solo novelas gráficas)
(48, 46, 'comment'), -- Like al primer comentario
(46, 49, 'comment'), -- Like al segundo comentario
(49, 39, 'comment'), -- Like al comentario anidado

-- Comentarios del Post 87 (Solo novelas gráficas)
(49, 46, 'comment'), -- Like al primer comentario
(46, 48, 'comment'), -- Like al segundo comentario

-- Comentarios del Post 88 (Solo novelas gráficas)
(39, 46, 'comment'), -- Like al comentario

-- Comentarios del Post 89 (Mini cuenteros)
(44, 43, 'comment'), -- Like al primer comentario
(43, 42, 'comment'), -- Like al segundo comentario
(42, 44, 'comment'), -- Like al comentario anidado

-- Comentarios del Post 90 (Mini cuenteros)
(43, 44, 'comment'), -- Like al primer comentario
(44, 42, 'comment'), -- Like al segundo comentario

-- Comentarios del Post 91 (Mini cuenteros)
(42, 44, 'comment'), -- Like al primer comentario
(44, 43, 'comment'), -- Like al segundo comentario

-- Comentarios del Post 92 (Mini cuenteros)
(44, 42, 'comment'), -- Like al comentario

-- Comentarios del Post 93 (Lectores rebeldes)
(36, 17, 'comment'), -- Like al primer comentario
(17, 19, 'comment'), -- Like al segundo comentario

-- Comentarios del Post 94 (Lectores rebeldes)
(17, 36, 'comment'), -- Like al primer comentario
(36, 19, 'comment'), -- Like al segundo comentario
(19, 30, 'comment'), -- Like al comentario anidado

-- Comentarios del Post 95 (Lectores rebeldes)
(19, 36, 'comment'), -- Like al primer comentario
(36, 17, 'comment'), -- Like al segundo comentario

-- Comentarios del Post 96 (Lectores rebeldes)
(30, 17, 'comment'), -- Like al comentario

-- Comentarios del Post 97 (Amamos el drama)
(12, 22, 'comment'), -- Like al primer comentario
(22, 32, 'comment'), -- Like al segundo comentario
(32, 2, 'comment'), -- Like al comentario anidado

-- Comentarios del Post 98 (Amamos el drama)
(22, 12, 'comment'), -- Like al primer comentario
(12, 32, 'comment'), -- Like al segundo comentario

-- Comentarios del Post 99 (Amamos el drama)
(32, 12, 'comment'), -- Like al primer comentario
(12, 22, 'comment'), -- Like al segundo comentario

-- Comentarios del Post 100 (Amamos el drama)
(2, 12, 'comment'), -- Like al comentario

-- CART
INSERT INTO CART (ID, USER_ID, TOTAL_PRICE, CREATED_AT) VALUES
(1, 1, 45.85, '2024-02-25 10:30:00'),
(2, 2, 22.50, '2024-02-25 14:15:00'),
(3, 3, 61.40, '2024-02-25 16:45:00'),
(4, 5, 35.90, '2024-02-25 19:20:00');

-- CART_ITEM
INSERT INTO CART_ITEM (ID, QUANTITY, UNIT_PRICE, CART_ID, BOOK_ID) VALUES
(1, 1, 18.95, 1, 1),
(2, 1, 19.13, 1, 2), -- Dune con descuento 15%
(3, 1, 7.77, 1, 3),  -- Ender sin descuento
(4, 1, 19.13, 2, 2), -- Dune con descuento
(5, 2, 17.95, 3, 7), -- 2 Harry Potter
(6, 1, 22.46, 3, 4), -- Pilares con descuento 10%
(7, 1, 15.96, 4, 5), -- Da Vinci con descuento 20%
(8, 1, 18.50, 4, 8); -- Silencio de los Corderos

-- ORDERS
INSERT INTO ORDERS (ID, USER_ID, CLIENT_ID, TOTAL_AMOUNT, STATUS, NOTES, CREATED_AT, SHIPPED_AT, DELIVERED_AT) VALUES
(1, 1, 1, 41.45, 'delivered', 'Entrega en horario de mañana por favor', '2024-02-15 11:30:00', '2024-02-17 09:15:00', '2024-02-19 16:20:00'),
(2, 2, 3, 16.90, 'delivered', NULL, '2024-02-18 14:20:00', '2024-02-20 10:30:00', '2024-02-22 12:45:00'),
(3, 3, 4, 35.90, 'shipped', 'Llamar antes de entregar', '2024-02-22 16:15:00', '2024-02-24 08:45:00', NULL),
(4, 4, 5, 19.13, 'processing', NULL, '2024-02-24 10:30:00', NULL, NULL),
(5, 5, 6, 37.00, 'confirmed', 'Envío urgente', '2024-02-25 09:15:00', NULL, NULL);

-- ORDERS_ITEM
INSERT INTO ORDERS_ITEM (ID, ORDER_ID, BOOK_ID, QUANTITY, UNIT_PRICE) VALUES
(1, 1, 1, 1, 18.95),
(2, 1, 4, 1, 22.50),
(3, 2, 3, 1, 16.90),
(4, 3, 7, 2, 17.95),
(5, 4, 2, 1, 19.13),
(6, 5, 5, 1, 15.96),
(7, 5, 6, 1, 21.00);

-- WISHLISTS
INSERT INTO WISHLISTS (ID, USER_ID, NAME, IS_PUBLIC, CREATED_AT) VALUES
(1, 1, 'Para leer pronto', 1, '2024-02-10 12:30:00'),
(2, 1, 'Regalos navideños', 0, '2024-02-10 12:35:00'),
(3, 2, 'Mi lista de deseos', 1, '2024-02-12 15:20:00'),
(4, 3, 'Fantasía épica pendiente', 1, '2024-02-14 10:45:00'),
(5, 4, 'Ciencia ficción clásica', 1, '2024-02-16 17:30:00'),
(6, 5, 'Thrillers recomendados', 0, '2024-02-18 14:15:00');

-- WISHLIST_ITEMS
INSERT INTO WISHLIST_ITEMS (ID, WISHLIST_ID, BOOK_ID) VALUES
(1, 1, 2),
(2, 1, 4),
(3, 1, 8),
(4, 2, 7),
(5, 3, 1),
(6, 3, 6),
(7, 4, 1),
(8, 4, 2),
(9, 5, 2),
(10, 5, 3),
(11, 6, 5),
(12, 6, 8);

-- COUPONS
INSERT INTO COUPONS (ID, CODE, DESCRIPTION, DISCOUNT_TYPE, DISCOUNT_VALUE, MIN_ORDER_AMOUNT, VALID_FROM, VALID_UNTIL) VALUES
(1, 'BIENVENIDA20', 'Descuento de bienvenida para nuevos usuarios', 'percentage', 20.00, 25.00, '2024-01-01 00:00:00', '2024-12-31 23:59:59'),
(2, 'VERANO2024', 'Descuento especial de verano', 'percentage', 15.00, 30.00, '2024-06-01 00:00:00', '2024-08-31 23:59:59'),
(3, 'ENVIOGRATIS', 'Envío gratuito en pedidos superiores a 40€', 'fixed_amount', 5.99, 40.00, '2024-01-01 00:00:00', '2024-12-31 23:59:59'),
(4, 'PREMIUM10', 'Descuento exclusivo para usuarios premium', 'percentage', 10.00, 20.00, '2024-01-01 00:00:00', '2024-12-31 23:59:59'),
(5, 'BLACKFRIDAY', 'Descuento Black Friday', 'percentage', 25.00, 50.00, '2024-11-24 00:00:00', '2024-11-30 23:59:59');

-- USER_COUPONS
INSERT INTO USER_COUPONS (ID, USER_ID, COUPON_ID, ORDER_ID) VALUES
(1, 2, 1, 2),
(2, 3, 4, 3),
(3, 1, 3, 1),
(4, 5, 1, 5);
